item_id,order_id,product_id,quantity,unit_price,discount_percent
ITEM00001,ORD00305,PROD0008,3,17327,29
ITEM00002,ORD00259,PROD0482,5,21739,22
ITEM00003,ORD00088,PROD0258,5,27298,45
ITEM00004,ORD00662,PROD0364,2,15511,88
ITEM00005,ORD00383,PROD0269,5,6398,28
ITEM00006,ORD00348,PROD0357,5,16909,99
ITEM00007,ORD00564,PROD0480,5,23808,24
ITEM00008,ORD00627,PROD0148,1,14125,99
ITEM00009,ORD00058,PROD0240,4,51942,34
ITEM00010,ORD00400,PROD0123,4,31292,17
ITEM00011,ORD00232,PROD0193,3,34376,33
ITEM00012,ORD00606,PROD0015,4,55589,82
ITEM00013,ORD00683,PROD0358,5,25799,48
ITEM00014,ORD00310,PROD0026,1,39734,62
ITEM00015,ORD00535,PROD0271,1,54045,59
ITEM00016,ORD00081,PROD0455,3,18997,58
ITEM00017,ORD00544,PROD0268,5,35187,52
ITEM00018,ORD00522,PROD0379,2,53400,11
ITEM00019,ORD00408,PROD0458,2,54305,98
ITEM00020,ORD00649,PROD0472,4,21704,4
ITEM00021,ORD00635,PROD0188,4,25714,2
ITEM00022,ORD00376,PROD0436,4,17195,49
ITEM00023,ORD00644,PROD0235,4,51733,71
ITEM00024,ORD00212,PROD0369,1,1181,67
ITEM00025,ORD00638,PROD0405,3,25632,27
ITEM00026,ORD00415,PROD0192,3,20621,8
ITEM00027,ORD00337,PROD0056,4,43004,83
ITEM00028,ORD00318,PROD0375,1,47032,88
ITEM00029,ORD00656,PROD0166,1,28426,23
ITEM00030,ORD00391,PROD0290,1,25685,58
ITEM00031,ORD00074,PROD0095,1,54831,90
ITEM00032,ORD00470,PROD0464,2,43616,68
ITEM00033,ORD00538,PROD0185,5,44013,97
ITEM00034,ORD00058,PROD0052,3,20781,15
ITEM00035,ORD00570,PROD0232,2,33891,73
ITEM00036,ORD00514,PROD0210,2,47311,7
ITEM00037,ORD00069,PROD0434,2,20193,52
ITEM00038,ORD00670,PROD0043,2,47768,45
ITEM00039,ORD00689,PROD0313,3,14070,29
ITEM00040,ORD00288,PROD0200,5,31027,63
ITEM00041,ORD00046,PROD0268,3,58283,12
ITEM00042,ORD00325,PROD0115,3,33657,4
ITEM00043,ORD00178,PROD0073,4,27282,88
ITEM00044,ORD00223,PROD0135,5,51202,83
ITEM00045,ORD00176,PROD0145,1,35478,1
ITEM00046,ORD00040,PROD0274,5,49756,75
ITEM00047,ORD00340,PROD0108,1,12835,61
ITEM00048,ORD00162,PROD0151,3,11488,85
ITEM00049,ORD00002,PROD0398,4,30800,79
ITEM00050,ORD00013,PROD0335,2,48290,87
ITEM00051,ORD00033,PROD0049,4,36894,13
ITEM00052,ORD00651,PROD0146,2,27081,96
ITEM00053,ORD00285,PROD0131,2,4458,9
ITEM00054,ORD00628,PROD0125,2,14765,50
ITEM00055,ORD00478,PROD0054,4,55295,16
ITEM00056,ORD00277,PROD0310,2,42734,84
ITEM00057,ORD00507,PROD0312,1,1361,46
ITEM00058,ORD00618,PROD0309,-1,17111,81
ITEM00059,ORD00138,PROD0352,5,11906,32
ITEM00060,ORD00577,PROD0493,5,24895,30
ITEM00061,ORD00115,PROD0271,1,18867,64
ITEM00062,ORD00591,PROD0045,-4,16823,55
ITEM00063,ORD00013,PROD0276,5,4930,81
ITEM00064,ORD00111,PROD0104,1,37858,84
ITEM00065,ORD00031,PROD0224,2,10928,94
ITEM00066,ORD00600,PROD0463,1,54782,63
ITEM00067,ORD00444,PROD0343,2,22229,30
ITEM00068,ORD00129,PROD0339,4,34698,2
ITEM00069,ORD00503,PROD0320,5,25824,73
ITEM00070,ORD00567,PROD0104,3,46084,42
ITEM00071,ORD00625,PROD0402,2,3878,59
ITEM00072,ORD00324,PROD0200,1,41455,17
ITEM00073,ORD00531,PROD0424,2,10776,15
ITEM00074,ORD00548,PROD0184,5,21543,13
ITEM00075,ORD00449,PROD0488,3,9477,49
ITEM00076,ORD00474,PROD0403,2,40300,84
ITEM00077,ORD00092,PROD0452,3,45483,52
ITEM00078,ORD00632,PROD0231,5,2215,60
ITEM00079,ORD00175,PROD0346,5,7743,40
ITEM00080,ORD00586,PROD0294,3,48507,16
ITEM00081,ORD00606,PROD0278,5,3369,90
ITEM00082,ORD00089,PROD0177,3,15239,69
ITEM00083,ORD00655,PROD0379,1,20414,76
ITEM00084,ORD00001,PROD0165,2,45875,37
ITEM00085,ORD00136,PROD0416,5,22964,50
ITEM00086,ORD00227,PROD0432,1,19930,72
ITEM00087,ORD00665,PROD0005,5,6997,40
ITEM00088,ORD00303,PROD0391,4,3023,64
ITEM00089,ORD00171,PROD0236,5,14643,79
ITEM00090,ORD00215,PROD0185,4,52700,39
ITEM00091,ORD00241,PROD0363,4,30279,79
ITEM00092,ORD00400,PROD0306,5,20469,95
ITEM00093,ORD00688,PROD0406,1,12590,2
ITEM00094,ORD00617,PROD0107,1,14402,41
ITEM00095,ORD00056,PROD0388,3,33189,55
ITEM00096,ORD00154,PROD0250,4,50913,10
ITEM00097,ORD00397,PROD0468,4,49068,29
ITEM00098,ORD00129,PROD0388,4,37543,70
ITEM00099,ORD00207,PROD0477,5,28945,95
ITEM00100,ORD00056,PROD0280,2,45105,6
ITEM00101,ORD00118,PROD0306,3,8029,47
ITEM00102,ORD00065,PROD0247,3,24644,83
ITEM00103,ORD00066,PROD0304,4,53142,91
ITEM00104,ORD00302,PROD0477,3,1373,51
ITEM00105,ORD00583,PROD0342,4,29538,68
ITEM00106,ORD00460,PROD0344,1,19618,61
ITEM00107,ORD00649,PROD0409,3,28549,3
ITEM00108,ORD00669,PROD0202,3,14177,2
ITEM00109,ORD00257,PROD0133,3,34136,48
ITEM00110,ORD00095,PROD0256,3,16564,37
ITEM00111,ORD00153,PROD0337,5,22458,38
ITEM00112,ORD00639,PROD0137,2,52959,83
ITEM00113,ORD00508,PROD0456,2,41152,66
ITEM00114,ORD00668,PROD0370,1,20290,68
ITEM00115,ORD00555,PROD0409,1,37363,2
ITEM00116,ORD00102,PROD0488,3,38541,42
ITEM00117,ORD00331,PROD0089,4,28232,56
ITEM00118,ORD00065,PROD0400,1,41141,30
ITEM00119,ORD00203,PROD0328,3,59488,44
ITEM00120,ORD00614,PROD0485,2,21250,11
ITEM00121,ORD00117,PROD0265,3,44484,7
ITEM00122,ORD00515,PROD0271,1,7188,45
ITEM00123,ORD00328,PROD0332,5,33422,76
ITEM00124,ORD00659,PROD0123,4,33757,64
ITEM00125,ORD00118,PROD0316,3,8049,5
ITEM00126,ORD00263,PROD0352,4,48925,75
ITEM00127,ORD00281,PROD0334,2,55976,79
ITEM00128,ORD00244,PROD0330,5,27060,83
ITEM00129,ORD00612,PROD0092,2,54985,43
ITEM00130,ORD00084,PROD0027,2,34886,36
ITEM00131,ORD00695,PROD0061,5,35878,16
ITEM00132,ORD00245,PROD0339,5,5990,47
ITEM00133,ORD00643,PROD0393,3,57666,19
ITEM00134,ORD00202,PROD0226,5,47047,55
ITEM00135,ORD00317,PROD0308,2,42438,75
ITEM00136,ORD00700,PROD0331,2,8185,1
ITEM00137,ORD00322,PROD0197,3,41123,95
ITEM00138,ORD00368,PROD0493,5,11123,1
ITEM00139,ORD00260,PROD0175,5,47074,47
ITEM00140,ORD00481,PROD0471,3,48403,27
ITEM00141,ORD00063,PROD0049,4,11013,26
ITEM00142,ORD00461,PROD0333,4,22636,82
ITEM00143,ORD00579,PROD0485,2,27495,96
ITEM00144,ORD00319,PROD0331,2,42852,68
ITEM00145,ORD00145,PROD0177,5,43607,94
ITEM00146,ORD00699,PROD0343,3,47714,42
ITEM00147,ORD00189,PROD0230,3,29699,33
ITEM00148,ORD00526,PROD0331,3,35006,66
ITEM00149,ORD00328,PROD0384,2,21544,58
ITEM00150,ORD00281,PROD0125,4,8815,8
ITEM00151,ORD00658,PROD0100,5,38612,33
ITEM00152,ORD00082,PROD0439,1,38136,54
ITEM00153,ORD00153,PROD0140,5,1517,26
ITEM00154,ORD00450,PROD0305,4,13215,45
ITEM00155,ORD00520,PROD0227,4,32206,89
ITEM00156,ORD00685,PROD0316,1,18378,81
ITEM00157,ORD00212,PROD0328,2,49317,82
ITEM00158,ORD00652,PROD0128,5,31519,61
ITEM00159,ORD00438,PROD0348,3,40634,58
ITEM00160,ORD00433,PROD0171,2,46237,86
ITEM00161,ORD00350,PROD0427,5,58283,41
ITEM00162,ORD00058,PROD0259,1,33429,63
ITEM00163,ORD00299,PROD0452,4,44404,93
ITEM00164,ORD00239,PROD0263,4,22963,98
ITEM00165,ORD00380,PROD0235,1,51509,10
ITEM00166,ORD00280,PROD0121,3,40153,25
ITEM00167,ORD00563,PROD0215,1,55439,49
ITEM00168,ORD00398,PROD0128,-2,57076,63
ITEM00169,ORD00059,PROD0159,5,44303,97
ITEM00170,ORD00098,PROD0132,4,54193,97
ITEM00171,ORD00670,PROD0347,3,54999,84
ITEM00172,ORD00169,PROD0310,3,41884,74
ITEM00173,ORD00120,PROD0081,2,45515,56
ITEM00174,ORD00185,PROD0161,3,36288,97
ITEM00175,ORD00461,PROD0338,3,15890,45
ITEM00176,ORD00118,PROD0124,5,58606,37
ITEM00177,ORD00473,PROD0005,1,14020,55
ITEM00178,ORD00031,PROD0001,1,7242,57
ITEM00179,ORD00637,PROD0127,4,9715,48
ITEM00180,ORD00159,PROD0420,1,45093,59
ITEM00181,ORD00256,PROD0169,2,13975,48
ITEM00182,ORD00118,PROD0438,1,21365,78
ITEM00183,ORD00122,PROD0038,2,24894,88
ITEM00184,ORD00134,PROD0336,1,26655,81
ITEM00185,ORD00496,PROD0136,3,22137,61
ITEM00186,ORD00213,PROD0021,4,38577,2
ITEM00187,ORD00675,PROD0322,5,32554,83
ITEM00188,ORD00347,PROD0248,1,40401,43
ITEM00189,ORD00051,PROD0465,1,48788,99
ITEM00190,ORD00575,PROD0334,5,20740,89
ITEM00191,ORD00666,PROD0497,5,10768,82
ITEM00192,ORD00083,PROD0101,1,29547,89
ITEM00193,ORD00188,PROD0496,1,22476,47
ITEM00194,ORD00613,PROD0475,5,10924,7
ITEM00195,ORD00646,PROD0003,3,18151,41
ITEM00196,ORD00566,PROD0062,2,23178,6
ITEM00197,ORD00009,PROD0032,3,21619,50
ITEM00198,ORD00314,PROD0329,2,48731,90
ITEM00199,ORD00519,PROD0440,3,31308,70
ITEM00200,ORD00340,PROD0176,5,55104,2
ITEM00201,ORD00159,PROD0092,2,1599,51
ITEM00202,ORD00379,PROD0053,3,12825,37
ITEM00203,ORD00446,PROD0462,1,17672,22
ITEM00204,ORD00003,PROD0121,3,52224,4
ITEM00205,ORD00674,PROD0212,4,14411,100
ITEM00206,ORD00445,PROD0230,4,18365,53
ITEM00207,ORD00246,PROD0301,3,31949,65
ITEM00208,ORD00478,PROD0115,1,31042,61
ITEM00209,ORD00656,PROD0462,4,19995,13
ITEM00210,ORD00178,PROD0117,2,20958,41
ITEM00211,ORD00039,PROD0143,2,50618,78
ITEM00212,ORD00658,PROD0479,4,8551,95
ITEM00213,ORD00498,PROD0269,4,52196,76
ITEM00214,ORD00007,PROD0053,4,48722,0
ITEM00215,ORD00167,PROD0259,3,36447,76
ITEM00216,ORD00004,PROD0008,3,7758,65
ITEM00217,ORD00694,PROD0236,1,31841,43
ITEM00218,ORD00466,PROD0238,1,19057,6
ITEM00219,ORD00340,PROD0455,2,32407,77
ITEM00220,ORD00511,PROD0191,5,17705,82
ITEM00221,ORD00097,PROD0158,4,53257,70
ITEM00222,ORD00334,PROD0094,5,11094,52
ITEM00223,ORD00293,PROD0193,1,37121,49
ITEM00224,ORD00060,PROD0240,1,8106,89
ITEM00225,ORD00638,PROD0361,2,32927,65
ITEM00226,ORD00561,PROD0477,3,7419,58
ITEM00227,ORD00261,PROD0279,5,31418,71
ITEM00228,ORD00431,PROD0005,3,38847,17
ITEM00229,ORD00547,PROD0250,3,23669,40
ITEM00230,ORD00016,PROD0133,5,41131,25
ITEM00231,ORD00496,PROD0262,4,39120,7
ITEM00232,ORD00357,PROD0366,4,11468,73
ITEM00233,ORD00262,PROD0450,2,44071,57
ITEM00234,ORD00001,PROD0344,2,32668,0
ITEM00235,ORD00034,PROD0082,1,18090,54
ITEM00236,ORD00245,PROD0397,4,2203,11
ITEM00237,ORD00301,PROD0289,1,5480,76
ITEM00238,ORD00552,PROD0362,4,20273,7
ITEM00239,ORD00128,PROD0452,4,50352,11
ITEM00240,ORD00392,PROD0066,3,33335,72
ITEM00241,ORD00579,PROD0388,2,4391,55
ITEM00242,ORD00363,PROD0139,5,49298,53
ITEM00243,ORD00536,PROD0072,4,40473,89
ITEM00244,ORD00380,PROD0135,3,49829,63
ITEM00245,ORD00663,PROD0181,1,464,52
ITEM00246,ORD00406,PROD0270,4,44935,26
ITEM00247,ORD00263,PROD0361,4,40457,87
ITEM00248,ORD00321,PROD0484,3,2038,95
ITEM00249,ORD00652,PROD0332,5,30374,73
ITEM00250,ORD00115,PROD0172,4,51890,86
ITEM00251,ORD00235,PROD0103,1,28524,55
ITEM00252,ORD00363,PROD0101,1,13282,43
ITEM00253,ORD00524,PROD0375,2,39016,89
ITEM00254,ORD00036,PROD0475,2,7133,37
ITEM00255,ORD00478,PROD0297,2,21613,77
ITEM00256,ORD00629,PROD0257,4,37657,17
ITEM00257,ORD00333,PROD0006,5,50486,83
ITEM00258,ORD00058,PROD0203,2,44802,19
ITEM00259,ORD00129,PROD0171,4,46096,0
ITEM00260,ORD00119,PROD0397,2,40157,35
ITEM00261,ORD00249,PROD0134,1,32052,17
ITEM00262,ORD00270,PROD0331,2,46741,15
ITEM00263,ORD00499,PROD0090,1,49265,25
ITEM00264,ORD00494,PROD0222,1,48668,22
ITEM00265,ORD00224,PROD0261,3,58276,50
ITEM00266,ORD00567,PROD0173,3,30575,52
ITEM00267,ORD00269,PROD0003,3,22034,17
ITEM00268,ORD00230,PROD0339,3,2574,100
ITEM00269,ORD00696,PROD0241,5,21699,68
ITEM00270,ORD00437,PROD0427,2,53038,80
ITEM00271,ORD00452,PROD0061,1,44455,87
ITEM00272,ORD00478,PROD0216,5,43623,2
ITEM00273,ORD00499,PROD0010,1,601,12
ITEM00274,ORD00170,PROD0414,1,40998,34
ITEM00275,ORD00278,PROD0080,-3,20593,56
ITEM00276,ORD00450,PROD0259,1,14722,12
ITEM00277,ORD00332,PROD0476,5,2016,22
ITEM00278,ORD00545,PROD0457,-2,47587,31
ITEM00279,ORD00268,PROD0029,3,54785,52
ITEM00280,ORD00404,PROD0019,5,19717,71
ITEM00281,ORD00456,PROD0341,3,15610,99
ITEM00282,ORD00247,PROD0076,4,3466,7
ITEM00283,ORD00078,PROD0301,2,43050,99
ITEM00284,ORD00689,PROD0027,2,55671,4
ITEM00285,ORD00611,PROD0250,1,20277,97
ITEM00286,ORD00460,PROD0148,3,3381,12
ITEM00287,ORD00492,PROD0435,4,6503,25
ITEM00288,ORD00179,PROD0329,3,6861,21
ITEM00289,ORD00154,PROD0376,2,6970,10
ITEM00290,ORD00513,PROD0093,5,53837,75
ITEM00291,ORD00416,PROD0385,2,8481,72
ITEM00292,ORD00080,PROD0454,2,27388,70
ITEM00293,ORD00653,PROD0204,4,24276,90
ITEM00294,ORD00626,PROD0224,3,54887,25
ITEM00295,ORD00048,PROD0178,4,23485,40
ITEM00296,ORD00006,PROD0204,4,15987,73
ITEM00297,ORD00176,PROD0488,4,53251,97
ITEM00298,ORD00343,PROD0001,5,11254,41
ITEM00299,ORD00627,PROD0040,4,29460,7
ITEM00300,ORD00594,PROD0460,5,59345,38
ITEM00301,ORD00033,PROD0339,1,37912,83
ITEM00302,ORD00624,PROD0150,2,22004,86
ITEM00303,ORD00680,PROD0316,1,29862,38
ITEM00304,ORD00285,PROD0030,3,46257,58
ITEM00305,ORD00147,PROD0151,5,11147,93
ITEM00306,ORD00199,PROD0165,5,13618,30
ITEM00307,ORD00118,PROD0168,3,45376,80
ITEM00308,ORD00689,PROD0199,2,24360,68
ITEM00309,ORD00406,PROD0048,3,24014,97
ITEM00310,ORD00115,PROD0315,3,56823,65
ITEM00311,ORD00558,PROD0334,3,44943,60
ITEM00312,ORD00408,PROD0348,2,53491,2
ITEM00313,ORD00113,PROD0071,3,4511,7
ITEM00314,ORD00279,PROD0080,4,13420,26
ITEM00315,ORD00682,PROD0098,2,26258,89
ITEM00316,ORD00601,PROD0333,4,23760,67
ITEM00317,ORD00021,PROD0446,4,24908,6
ITEM00318,ORD00671,PROD0087,1,45556,3
ITEM00319,ORD00533,PROD0209,5,12364,96
ITEM00320,ORD00089,PROD0324,5,55432,79
ITEM00321,ORD00031,PROD0309,-1,35321,61
ITEM00322,ORD00224,PROD0479,4,51950,70
ITEM00323,ORD00035,PROD0158,5,1983,2
ITEM00324,ORD00483,PROD0110,4,38558,26
ITEM00325,ORD00596,PROD0241,4,4413,48
ITEM00326,ORD00030,PROD0462,4,54833,29
ITEM00327,ORD00184,PROD0119,3,25632,92
ITEM00328,ORD00362,PROD0042,4,21856,69
ITEM00329,ORD00155,PROD0011,1,10476,34
ITEM00330,ORD00382,PROD0200,5,50958,51
ITEM00331,ORD00378,PROD0096,4,2297,27
ITEM00332,ORD00514,PROD0384,2,12368,57
ITEM00333,ORD00644,PROD0308,1,24046,45
ITEM00334,ORD00225,PROD0167,3,5439,96
ITEM00335,ORD00288,PROD0165,3,720,54
ITEM00336,ORD00598,PROD0018,4,58385,65
ITEM00337,ORD00437,PROD0139,2,20577,38
ITEM00338,ORD00056,PROD0108,3,7073,24
ITEM00339,ORD00356,PROD0099,2,38197,47
ITEM00340,ORD00503,PROD0180,1,20285,13
ITEM00341,ORD00324,PROD0247,5,42896,38
ITEM00342,ORD00607,PROD0366,4,8834,45
ITEM00343,ORD00632,PROD0089,4,12643,80
ITEM00344,ORD00412,PROD0366,2,5525,65
ITEM00345,ORD00066,PROD0109,1,35411,96
ITEM00346,ORD00535,PROD0196,1,36049,89
ITEM00347,ORD00695,PROD0190,2,40036,19
ITEM00348,ORD00053,PROD0027,2,31436,39
ITEM00349,ORD00617,PROD0038,4,41035,16
ITEM00350,ORD00618,PROD0070,4,44976,86
ITEM00351,ORD00184,PROD0298,5,28204,44
ITEM00352,ORD00691,PROD0202,1,45454,32
ITEM00353,ORD00486,PROD0060,1,55508,26
ITEM00354,ORD00277,PROD0075,5,13595,23
ITEM00355,ORD00615,PROD0295,4,59037,95
ITEM00356,ORD00559,PROD0425,2,57564,82
ITEM00357,ORD00140,PROD0066,3,15659,64
ITEM00358,ORD00616,PROD0123,4,55120,22
ITEM00359,ORD00069,PROD0089,1,9717,14
ITEM00360,ORD00316,PROD0477,1,47826,99
ITEM00361,ORD00541,PROD0495,2,537,93
ITEM00362,ORD00067,PROD0082,2,57482,21
ITEM00363,ORD00196,PROD0062,3,11366,30
ITEM00364,ORD00170,PROD0385,1,21545,28
ITEM00365,ORD00541,PROD0085,4,57532,11
ITEM00366,ORD00400,PROD0389,1,13564,81
ITEM00367,ORD00335,PROD0167,3,24433,95
ITEM00368,ORD00271,PROD0032,1,35513,63
ITEM00369,ORD00623,PROD0022,1,56519,19
ITEM00370,ORD00425,PROD0315,1,38674,46
ITEM00371,ORD00636,PROD0362,4,26153,94
ITEM00372,ORD00335,PROD0450,4,53984,21
ITEM00373,ORD00478,PROD0163,1,39776,40
ITEM00374,ORD00683,PROD0102,3,1106,27
ITEM00375,ORD00557,PROD0180,4,5392,2
ITEM00376,ORD00582,PROD0219,3,56531,15
ITEM00377,ORD00142,PROD0165,1,49827,76
ITEM00378,ORD00341,PROD0381,4,45675,24
ITEM00379,ORD00257,PROD0212,1,26509,76
ITEM00380,ORD00364,PROD0279,3,41862,93
ITEM00381,ORD00655,PROD0437,1,47567,21
ITEM00382,ORD00594,PROD0422,1,42704,26
ITEM00383,ORD00184,PROD0135,3,20259,0
ITEM00384,ORD00103,PROD0306,3,25350,66
ITEM00385,ORD00008,PROD0061,2,20932,55
ITEM00386,ORD00467,PROD0423,5,28699,36
ITEM00387,ORD00070,PROD0368,5,55535,35
ITEM00388,ORD00346,PROD0165,1,28670,13
ITEM00389,ORD00567,PROD0073,5,34248,84
ITEM00390,ORD00531,PROD0463,5,36861,24
ITEM00391,ORD00580,PROD0457,5,18607,45
ITEM00392,ORD00181,PROD0060,-1,25987,53
ITEM00393,ORD00207,PROD0262,3,11330,92
ITEM00394,ORD00262,PROD0287,4,1713,25
ITEM00395,ORD00323,PROD0256,-1,54152,96
ITEM00396,ORD00371,PROD0330,2,18705,26
ITEM00397,ORD00522,PROD0432,3,32082,88
ITEM00398,ORD00480,PROD0408,4,30244,87
ITEM00399,ORD00226,PROD0392,4,11978,40
ITEM00400,ORD00296,PROD0368,2,21191,8
ITEM00401,ORD00517,PROD0343,2,22248,85
ITEM00402,ORD00631,PROD0020,4,53131,22
ITEM00403,ORD00169,PROD0218,2,17051,31
ITEM00404,ORD00048,PROD0378,1,42975,100
ITEM00405,ORD00465,PROD0025,1,48560,65
ITEM00406,ORD00403,PROD0166,4,53043,96
ITEM00407,ORD00041,PROD0254,5,40460,87
ITEM00408,ORD00485,PROD0456,5,11700,44
ITEM00409,ORD00266,PROD0050,2,28291,64
ITEM00410,ORD00001,PROD0008,3,41928,55
ITEM00411,ORD00216,PROD0101,1,25300,76
ITEM00412,ORD00370,PROD0369,2,1300,16
ITEM00413,ORD00360,PROD0205,1,15958,51
ITEM00414,ORD00270,PROD0464,3,11696,83
ITEM00415,ORD00445,PROD0064,4,17013,49
ITEM00416,ORD00526,PROD0495,3,49278,23
ITEM00417,ORD00498,PROD0314,5,42126,32
ITEM00418,ORD00013,PROD0438,3,1068,79
ITEM00419,ORD00186,PROD0229,3,42827,30
ITEM00420,ORD00234,PROD0077,1,32486,13
ITEM00421,ORD00172,PROD0460,5,54523,94
ITEM00422,ORD00115,PROD0191,4,54491,91
ITEM00423,ORD00022,PROD0240,2,33190,46
ITEM00424,ORD00209,PROD0145,2,20577,27
ITEM00425,ORD00668,PROD0271,1,29043,67
ITEM00426,ORD00646,PROD0466,1,30136,81
ITEM00427,ORD00448,PROD0061,3,39790,95
ITEM00428,ORD00033,PROD0299,3,17266,35
ITEM00429,ORD00248,PROD0293,3,56993,67
ITEM00430,ORD00609,PROD0124,3,42911,17
ITEM00431,ORD00677,PROD0358,2,10692,88
ITEM00432,ORD00504,PROD0428,2,24142,20
ITEM00433,ORD00013,PROD0393,2,7474,8
ITEM00434,ORD00113,PROD0336,1,32032,48
ITEM00435,ORD00601,PROD0208,5,8623,33
ITEM00436,ORD00367,PROD0192,1,24807,11
ITEM00437,ORD00144,PROD0187,3,21637,45
ITEM00438,ORD00042,PROD0170,4,56172,35
ITEM00439,ORD00062,PROD0250,5,23522,22
ITEM00440,ORD00168,PROD0024,1,47545,76
ITEM00441,ORD00522,PROD0497,3,4379,99
ITEM00442,ORD00205,PROD0045,1,40655,46
ITEM00443,ORD00306,PROD0181,3,17763,11
ITEM00444,ORD00488,PROD0135,4,246,34
ITEM00445,ORD00333,PROD0345,2,46957,37
ITEM00446,ORD00038,PROD0311,3,49741,65
ITEM00447,ORD00361,PROD0073,4,50166,45
ITEM00448,ORD00534,PROD0315,1,43518,26
ITEM00449,ORD00393,PROD0289,5,49263,20
ITEM00450,ORD00447,PROD0221,5,2627,78
ITEM00451,ORD00538,PROD0219,5,30533,50
ITEM00452,ORD00606,PROD0371,1,36216,23
ITEM00453,ORD00334,PROD0086,1,30509,13
ITEM00454,ORD00497,PROD0482,5,31865,26
ITEM00455,ORD00213,PROD0489,3,21958,55
ITEM00456,ORD00059,PROD0174,4,45064,16
ITEM00457,ORD00489,PROD0499,1,54254,11
ITEM00458,ORD00294,PROD0059,1,24408,89
ITEM00459,ORD00356,PROD0163,2,58924,1
ITEM00460,ORD00470,PROD0489,1,7329,40
ITEM00461,ORD00079,PROD0304,3,13309,41
ITEM00462,ORD00457,PROD0440,5,33396,58
ITEM00463,ORD00624,PROD0448,2,59881,50
ITEM00464,ORD00202,PROD0269,5,17723,98
ITEM00465,ORD00065,PROD0374,4,1761,32
ITEM00466,ORD00448,PROD0452,1,40119,11
ITEM00467,ORD00314,PROD0102,4,13541,72
ITEM00468,ORD00087,PROD0166,5,21647,70
ITEM00469,ORD00315,PROD0061,5,55786,32
ITEM00470,ORD00560,PROD0427,2,49733,41
ITEM00471,ORD00132,PROD0208,2,45894,65
ITEM00472,ORD00002,PROD0175,3,29117,86
ITEM00473,ORD00140,PROD0066,1,40650,7
ITEM00474,ORD00253,PROD0254,-4,25964,63
ITEM00475,ORD00095,PROD0195,3,59902,75
ITEM00476,ORD00603,PROD0183,5,31977,87
ITEM00477,ORD00372,PROD0389,5,2783,67
ITEM00478,ORD00458,PROD0484,1,8472,4
ITEM00479,ORD00200,PROD0375,5,44042,10
ITEM00480,ORD00434,PROD0044,1,37619,98
ITEM00481,ORD00486,PROD0048,-4,34494,4
ITEM00482,ORD00594,PROD0305,4,36366,11
ITEM00483,ORD00170,PROD0008,2,28873,6
ITEM00484,ORD00256,PROD0299,2,44523,40
ITEM00485,ORD00647,PROD0104,1,2833,38
ITEM00486,ORD00235,PROD0350,1,48078,22
ITEM00487,ORD00195,PROD0376,2,6956,13
ITEM00488,ORD00357,PROD0355,4,24444,33
ITEM00489,ORD00593,PROD0170,3,25491,47
ITEM00490,ORD00293,PROD0160,2,13410,40
ITEM00491,ORD00603,PROD0004,5,41851,15
ITEM00492,ORD00234,PROD0339,2,25091,70
ITEM00493,ORD00076,PROD0429,5,57318,60
ITEM00494,ORD00654,PROD0446,4,13633,97
ITEM00495,ORD00088,PROD0095,2,20008,23
ITEM00496,ORD00095,PROD0405,5,17965,12
ITEM00497,ORD00102,PROD0163,2,32201,41
ITEM00498,ORD00442,PROD0391,1,45974,89
ITEM00499,ORD00004,PROD0130,2,21369,41
ITEM00500,ORD00206,PROD0245,5,6318,47
ITEM00501,ORD00501,PROD0425,1,7762,53
ITEM00502,ORD00472,PROD0083,5,4539,5
ITEM00503,ORD00343,PROD0098,4,58872,72
ITEM00504,ORD00593,PROD0305,2,17331,84
ITEM00505,ORD00679,PROD0469,-2,4268,51
ITEM00506,ORD00170,PROD0375,1,11978,27
ITEM00507,ORD00513,PROD0050,1,6354,29
ITEM00508,ORD00234,PROD0226,3,5491,53
ITEM00509,ORD00615,PROD0187,5,9424,88
ITEM00510,ORD00148,PROD0081,1,19862,81
ITEM00511,ORD00130,PROD0449,5,19050,45
ITEM00512,ORD00200,PROD0007,1,46664,39
ITEM00513,ORD00490,PROD0352,1,20757,34
ITEM00514,ORD00016,PROD0052,4,1678,42
ITEM00515,ORD00320,PROD0367,1,43313,68
ITEM00516,ORD00429,PROD0252,3,32995,78
ITEM00517,ORD00486,PROD0470,3,35024,88
ITEM00518,ORD00393,PROD0242,2,33604,95
ITEM00519,ORD00010,PROD0456,5,43672,49
ITEM00520,ORD00364,PROD0472,3,14154,54
ITEM00521,ORD00527,PROD0397,4,13892,71
ITEM00522,ORD00253,PROD0012,1,9198,77
ITEM00523,ORD00120,PROD0450,4,35426,47
ITEM00524,ORD00506,PROD0141,4,56270,34
ITEM00525,ORD00328,PROD0237,1,25660,11
ITEM00526,ORD00619,PROD0145,1,28891,87
ITEM00527,ORD00216,PROD0256,5,49073,55
ITEM00528,ORD00173,PROD0429,4,12398,84
ITEM00529,ORD00560,PROD0431,2,24976,77
ITEM00530,ORD00013,PROD0207,4,52244,33
ITEM00531,ORD00192,PROD0204,4,23933,39
ITEM00532,ORD00531,PROD0041,2,54044,58
ITEM00533,ORD00398,PROD0123,5,40772,72
ITEM00534,ORD00692,PROD0108,5,25188,52
ITEM00535,ORD00419,PROD0274,1,28796,3
ITEM00536,ORD00388,PROD0139,1,30288,72
ITEM00537,ORD00347,PROD0285,2,50293,20
ITEM00538,ORD00443,PROD0261,4,56216,51
ITEM00539,ORD00229,PROD0253,5,50105,40
ITEM00540,ORD00253,PROD0031,-4,15735,49
ITEM00541,ORD00065,PROD0266,2,16485,10
ITEM00542,ORD00055,PROD0331,1,58781,18
ITEM00543,ORD00573,PROD0294,2,32858,1
ITEM00544,ORD00673,PROD0208,4,22564,39
ITEM00545,ORD00537,PROD0260,5,23724,54
ITEM00546,ORD00602,PROD0352,2,58665,33
ITEM00547,ORD00514,PROD0184,3,1102,26
ITEM00548,ORD00508,PROD0091,4,24956,5
ITEM00549,ORD00671,PROD0077,2,14029,19
ITEM00550,ORD00610,PROD0027,3,19395,66
ITEM00551,ORD00608,PROD0020,2,15692,30
ITEM00552,ORD00218,PROD0108,4,9050,3
ITEM00553,ORD00166,PROD0055,4,13625,1
ITEM00554,ORD00546,PROD0085,2,21116,53
ITEM00555,ORD00324,PROD0395,2,3986,41
ITEM00556,ORD00349,PROD0311,1,48770,80
ITEM00557,ORD00345,PROD0066,3,45179,80
ITEM00558,ORD00042,PROD0331,4,41813,8
ITEM00559,ORD00313,PROD0481,1,53396,8
ITEM00560,ORD00028,PROD0255,2,27540,52
ITEM00561,ORD00015,PROD0185,5,9640,69
ITEM00562,ORD00507,PROD0130,-1,54759,12
ITEM00563,ORD00197,PROD0018,3,8252,21
ITEM00564,ORD00656,PROD0498,4,44784,73
ITEM00565,ORD00065,PROD0200,4,35521,34
ITEM00566,ORD00510,PROD0294,2,46855,96
ITEM00567,ORD00594,PROD0353,4,56913,31
ITEM00568,ORD00695,PROD0174,3,392,5
ITEM00569,ORD00318,PROD0244,4,53625,14
ITEM00570,ORD00173,PROD0106,1,2732,70
ITEM00571,ORD00485,PROD0058,3,51957,48
ITEM00572,ORD00057,PROD0147,5,35625,55
ITEM00573,ORD00382,PROD0343,2,50727,1
ITEM00574,ORD00036,PROD0155,3,52789,2
ITEM00575,ORD00070,PROD0310,3,30282,47
ITEM00576,ORD00568,PROD0317,4,38568,38
ITEM00577,ORD00200,PROD0456,4,40950,32
ITEM00578,ORD00540,PROD0345,3,10424,16
ITEM00579,ORD00118,PROD0041,3,56504,29
ITEM00580,ORD00152,PROD0315,1,44450,71
ITEM00581,ORD00244,PROD0426,4,55619,23
ITEM00582,ORD00057,PROD0390,2,47653,55
ITEM00583,ORD00143,PROD0207,5,12162,65
ITEM00584,ORD00675,PROD0310,4,20874,24
ITEM00585,ORD00023,PROD0075,-2,36973,23
ITEM00586,ORD00122,PROD0297,5,6296,82
ITEM00587,ORD00346,PROD0101,2,6646,12
ITEM00588,ORD00018,PROD0170,2,44451,51
ITEM00589,ORD00440,PROD0209,5,5140,38
ITEM00590,ORD00628,PROD0298,4,5944,70
ITEM00591,ORD00142,PROD0098,1,12992,42
ITEM00592,ORD00533,PROD0236,3,40899,46
ITEM00593,ORD00622,PROD0374,5,55804,63
ITEM00594,ORD00315,PROD0031,5,48017,28
ITEM00595,ORD00464,PROD0056,2,16549,46
ITEM00596,ORD00365,PROD0482,4,12942,60
ITEM00597,ORD00590,PROD0073,2,25512,39
ITEM00598,ORD00006,PROD0249,5,37140,48
ITEM00599,ORD00663,PROD0255,1,43868,77
ITEM00600,ORD00642,PROD0088,1,12495,80
ITEM00601,ORD00674,PROD0107,4,35668,40
ITEM00602,ORD00533,PROD0204,4,12785,33
ITEM00603,ORD00318,PROD0340,1,26537,72
ITEM00604,ORD00561,PROD0235,2,24619,37
ITEM00605,ORD00379,PROD0333,3,6127,54
ITEM00606,ORD00144,PROD0064,5,36190,38
ITEM00607,ORD00150,PROD0039,5,31688,15
ITEM00608,ORD00337,PROD0293,1,462,10
ITEM00609,ORD00678,PROD0039,2,34178,41
ITEM00610,ORD00176,PROD0339,4,58732,61
ITEM00611,ORD00168,PROD0499,1,41942,36
ITEM00612,ORD00172,PROD0032,4,14916,75
ITEM00613,ORD00685,PROD0069,4,13192,44
ITEM00614,ORD00353,PROD0482,3,21283,36
ITEM00615,ORD00468,PROD0059,1,21579,43
ITEM00616,ORD00638,PROD0278,4,20928,22
ITEM00617,ORD00167,PROD0051,3,27927,81
ITEM00618,ORD00419,PROD0135,4,12988,100
ITEM00619,ORD00257,PROD0490,2,16928,97
ITEM00620,ORD00178,PROD0336,5,12102,21
ITEM00621,ORD00476,PROD0432,4,16677,52
ITEM00622,ORD00675,PROD0031,1,9403,20
ITEM00623,ORD00470,PROD0477,4,28963,17
ITEM00624,ORD00075,PROD0169,3,39186,44
ITEM00625,ORD00322,PROD0159,-2,38586,0
ITEM00626,ORD00437,PROD0330,5,22542,60
ITEM00627,ORD00221,PROD0347,3,23363,45
ITEM00628,ORD00352,PROD0278,3,43438,50
ITEM00629,ORD00508,PROD0483,1,48301,92
ITEM00630,ORD00562,PROD0308,2,44514,58
ITEM00631,ORD00164,PROD0015,2,55839,98
ITEM00632,ORD00145,PROD0243,3,13701,92
ITEM00633,ORD00331,PROD0007,4,12410,91
ITEM00634,ORD00355,PROD0085,4,32957,32
ITEM00635,ORD00385,PROD0288,2,58618,3
ITEM00636,ORD00074,PROD0362,3,32408,49
ITEM00637,ORD00543,PROD0496,3,49701,43
ITEM00638,ORD00498,PROD0003,1,44481,86
ITEM00639,ORD00298,PROD0006,4,56327,76
ITEM00640,ORD00360,PROD0184,3,6268,19
ITEM00641,ORD00345,PROD0344,4,39934,43
ITEM00642,ORD00451,PROD0036,3,9647,52
ITEM00643,ORD00346,PROD0029,1,38292,52
ITEM00644,ORD00321,PROD0167,2,53479,28
ITEM00645,ORD00004,PROD0182,5,55485,28
ITEM00646,ORD00271,PROD0472,4,56272,61
ITEM00647,ORD00182,PROD0340,3,41597,64
ITEM00648,ORD00666,PROD0078,5,8900,39
ITEM00649,ORD00252,PROD0058,2,4875,63
ITEM00650,ORD00083,PROD0364,2,18193,89
ITEM00651,ORD00368,PROD0127,1,31914,85
ITEM00652,ORD00239,PROD0298,4,43273,35
ITEM00653,ORD00575,PROD0375,5,19210,64
ITEM00654,ORD00602,PROD0500,3,20995,19
ITEM00655,ORD00133,PROD0103,3,30120,49
ITEM00656,ORD00404,PROD0028,3,20709,74
ITEM00657,ORD00179,PROD0423,1,53152,89
ITEM00658,ORD00669,PROD0388,4,35698,71
ITEM00659,ORD00654,PROD0454,3,41623,69
ITEM00660,ORD00350,PROD0039,3,2320,74
ITEM00661,ORD00528,PROD0379,-3,37874,98
ITEM00662,ORD00635,PROD0062,3,860,51
ITEM00663,ORD00626,PROD0149,4,58863,71
ITEM00664,ORD00090,PROD0199,4,48320,80
ITEM00665,ORD00279,PROD0059,5,26590,41
ITEM00666,ORD00429,PROD0267,2,3793,18
ITEM00667,ORD00694,PROD0361,5,17610,47
ITEM00668,ORD00238,PROD0134,3,54403,61
ITEM00669,ORD00170,PROD0374,3,7742,96
ITEM00670,ORD00550,PROD0479,5,23828,87
ITEM00671,ORD00620,PROD0351,3,59819,66
ITEM00672,ORD00214,PROD0019,5,31599,82
ITEM00673,ORD00206,PROD0393,4,48435,39
ITEM00674,ORD00270,PROD0280,2,56106,22
ITEM00675,ORD00593,PROD0243,4,58031,31
ITEM00676,ORD00420,PROD0293,4,11512,5
ITEM00677,ORD00601,PROD0410,4,42029,38
ITEM00678,ORD00474,PROD0328,2,20181,92
ITEM00679,ORD00619,PROD0182,3,39259,7
ITEM00680,ORD00654,PROD0087,2,30458,52
ITEM00681,ORD00225,PROD0056,5,35007,24
ITEM00682,ORD00621,PROD0158,2,32619,26
ITEM00683,ORD00602,PROD0229,4,40774,99
ITEM00684,ORD00501,PROD0404,1,24646,78
ITEM00685,ORD00004,PROD0150,2,21377,48
ITEM00686,ORD00617,PROD0438,1,7178,100
ITEM00687,ORD00526,PROD0470,2,40261,59
ITEM00688,ORD00069,PROD0222,2,2188,2
ITEM00689,ORD00038,PROD0184,2,27524,2
ITEM00690,ORD00022,PROD0434,5,51737,2
ITEM00691,ORD00560,PROD0478,5,33209,58
ITEM00692,ORD00405,PROD0383,2,17385,20
ITEM00693,ORD00517,PROD0440,1,51012,30
ITEM00694,ORD00644,PROD0210,5,58338,33
ITEM00695,ORD00298,PROD0080,1,13700,9
ITEM00696,ORD00103,PROD0100,5,14194,17
ITEM00697,ORD00496,PROD0072,3,26747,84
ITEM00698,ORD00229,PROD0493,2,12271,28
ITEM00699,ORD00543,PROD0155,3,14536,32
ITEM00700,ORD00547,PROD0437,1,25242,83
ITEM00701,ORD00034,PROD0202,5,3399,28
ITEM00702,ORD00396,PROD0113,4,7421,56
ITEM00703,ORD00312,PROD0244,4,4189,60
ITEM00704,ORD00425,PROD0056,1,3755,39
ITEM00705,ORD00066,PROD0110,4,630,73
ITEM00706,ORD00256,PROD0102,4,46241,13
ITEM00707,ORD00036,PROD0147,1,58468,47
ITEM00708,ORD00580,PROD0301,1,47390,94
ITEM00709,ORD00529,PROD0289,5,50491,32
ITEM00710,ORD00579,PROD0393,5,36866,21
ITEM00711,ORD00656,PROD0117,3,13594,81
ITEM00712,ORD00362,PROD0205,1,30298,15
ITEM00713,ORD00059,PROD0430,5,33248,19
ITEM00714,ORD00577,PROD0086,4,58789,89
ITEM00715,ORD00258,PROD0497,3,8814,52
ITEM00716,ORD00660,PROD0235,2,9926,98
ITEM00717,ORD00438,PROD0411,4,1935,81
ITEM00718,ORD00248,PROD0394,3,48170,40
ITEM00719,ORD00529,PROD0330,1,3322,61
ITEM00720,ORD00331,PROD0145,4,6826,66
ITEM00721,ORD00487,PROD0284,3,28321,57
ITEM00722,ORD00237,PROD0247,4,56297,79
ITEM00723,ORD00290,PROD0317,3,16374,25
ITEM00724,ORD00242,PROD0337,1,29609,96
ITEM00725,ORD00648,PROD0249,4,59886,68
ITEM00726,ORD00615,PROD0271,5,58345,38
ITEM00727,ORD00416,PROD0045,3,32075,51
ITEM00728,ORD00020,PROD0109,2,33024,58
ITEM00729,ORD00618,PROD0180,-5,57814,37
ITEM00730,ORD00326,PROD0037,4,19272,25
ITEM00731,ORD00278,PROD0344,1,39601,38
ITEM00732,ORD00578,PROD0477,2,12222,7
ITEM00733,ORD00525,PROD0358,-1,25169,41
ITEM00734,ORD00637,PROD0379,1,32087,3
ITEM00735,ORD00626,PROD0246,4,23349,21
ITEM00736,ORD00146,PROD0496,4,47661,38
ITEM00737,ORD00166,PROD0086,2,16062,27
ITEM00738,ORD00227,PROD0464,4,43551,42
ITEM00739,ORD00284,PROD0010,3,57519,7
ITEM00740,ORD00056,PROD0440,2,41099,77
ITEM00741,ORD00516,PROD0118,5,20777,31
ITEM00742,ORD00444,PROD0425,3,4680,34
ITEM00743,ORD00412,PROD0014,3,50501,78
ITEM00744,ORD00182,PROD0455,4,15987,95
ITEM00745,ORD00189,PROD0178,3,32486,89
ITEM00746,ORD00255,PROD0032,1,51293,85
ITEM00747,ORD00161,PROD0430,1,49668,81
ITEM00748,ORD00102,PROD0082,2,48831,98
ITEM00749,ORD00339,PROD0195,5,641,46
ITEM00750,ORD00485,PROD0299,5,45389,19
ITEM00751,ORD00541,PROD0229,4,36146,96
ITEM00752,ORD00264,PROD0080,4,53208,52
ITEM00753,ORD00430,PROD0024,4,40587,71
ITEM00754,ORD00648,PROD0047,4,9401,8
ITEM00755,ORD00471,PROD0075,1,5190,47
ITEM00756,ORD00049,PROD0472,4,51927,66
ITEM00757,ORD00254,PROD0447,4,12260,25
ITEM00758,ORD00022,PROD0036,1,24115,98
ITEM00759,ORD00664,PROD0246,4,30979,84
ITEM00760,ORD00254,PROD0175,4,33476,58
ITEM00761,ORD00510,PROD0257,1,55094,61
ITEM00762,ORD00188,PROD0367,2,44237,3
ITEM00763,ORD00576,PROD0029,2,35390,18
ITEM00764,ORD00698,PROD0432,5,40268,63
ITEM00765,ORD00173,PROD0060,3,25486,0
ITEM00766,ORD00504,PROD0485,2,4368,37
ITEM00767,ORD00400,PROD0313,2,42140,23
ITEM00768,ORD00566,PROD0416,1,24911,65
ITEM00769,ORD00517,PROD0379,1,18250,94
ITEM00770,ORD00572,PROD0293,1,5976,64
ITEM00771,ORD00690,PROD0285,1,11051,38
ITEM00772,ORD00617,PROD0174,3,47794,56
ITEM00773,ORD00390,PROD0257,5,26376,93
ITEM00774,ORD00433,PROD0224,2,37217,87
ITEM00775,ORD00085,PROD0286,4,6158,90
ITEM00776,ORD00467,PROD0495,5,8734,56
ITEM00777,ORD00536,PROD0093,3,6800,91
ITEM00778,ORD00379,PROD0093,1,16292,32
ITEM00779,ORD00181,PROD0296,1,32126,80
ITEM00780,ORD00308,PROD0358,3,32884,48
ITEM00781,ORD00507,PROD0325,1,36864,12
ITEM00782,ORD00610,PROD0337,5,10781,26
ITEM00783,ORD00127,PROD0484,4,32617,67
ITEM00784,ORD00166,PROD0472,3,57231,95
ITEM00785,ORD00025,PROD0021,3,24133,58
ITEM00786,ORD00468,PROD0018,-4,44923,92
ITEM00787,ORD00683,PROD0409,-4,5477,13
ITEM00788,ORD00444,PROD0268,4,22382,99
ITEM00789,ORD00024,PROD0127,4,13663,18
ITEM00790,ORD00146,PROD0054,3,32564,83
ITEM00791,ORD00647,PROD0231,5,8765,31
ITEM00792,ORD00355,PROD0386,-4,40811,20
ITEM00793,ORD00462,PROD0312,4,48077,94
ITEM00794,ORD00392,PROD0395,3,47552,28
ITEM00795,ORD00626,PROD0305,2,55923,73
ITEM00796,ORD00272,PROD0042,5,20721,22
ITEM00797,ORD00439,PROD0008,2,16441,91
ITEM00798,ORD00672,PROD0233,5,22555,19
ITEM00799,ORD00053,PROD0226,2,38623,66
ITEM00800,ORD00409,PROD0387,4,18650,39
ITEM00801,ORD00655,PROD0220,1,3009,79
ITEM00802,ORD00420,PROD0244,3,845,76
ITEM00803,ORD00023,PROD0240,2,54393,64
ITEM00804,ORD00107,PROD0457,2,34250,3
ITEM00805,ORD00069,PROD0315,5,26928,72
ITEM00806,ORD00297,PROD0346,4,41801,34
ITEM00807,ORD00548,PROD0182,5,33680,82
ITEM00808,ORD00218,PROD0415,5,44258,74
ITEM00809,ORD00233,PROD0460,2,57014,40
ITEM00810,ORD00457,PROD0399,2,23586,44
ITEM00811,ORD00440,PROD0111,3,9956,10
ITEM00812,ORD00678,PROD0263,3,45646,56
ITEM00813,ORD00395,PROD0005,4,2789,80
ITEM00814,ORD00088,PROD0325,5,34470,85
ITEM00815,ORD00083,PROD0139,-2,49162,33
ITEM00816,ORD00470,PROD0409,4,20104,42
ITEM00817,ORD00108,PROD0253,4,34949,40
ITEM00818,ORD00529,PROD0481,2,1518,89
ITEM00819,ORD00149,PROD0306,3,41853,32
ITEM00820,ORD00541,PROD0155,4,12039,64
ITEM00821,ORD00079,PROD0170,4,19037,96
ITEM00822,ORD00413,PROD0313,4,15855,70
ITEM00823,ORD00382,PROD0192,3,2023,24
ITEM00824,ORD00255,PROD0363,3,43582,12
ITEM00825,ORD00682,PROD0220,4,36038,96
ITEM00826,ORD00450,PROD0276,2,28920,55
ITEM00827,ORD00401,PROD0114,1,26883,57
ITEM00828,ORD00633,PROD0346,5,47894,75
ITEM00829,ORD00196,PROD0205,3,36103,77
ITEM00830,ORD00023,PROD0372,1,40142,89
ITEM00831,ORD00307,PROD0426,2,1231,76
ITEM00832,ORD00657,PROD0366,-5,4319,89
ITEM00833,ORD00316,PROD0266,3,12676,80
ITEM00834,ORD00173,PROD0247,1,22445,23
ITEM00835,ORD00555,PROD0266,2,2022,91
ITEM00836,ORD00010,PROD0320,1,30767,18
ITEM00837,ORD00357,PROD0087,5,38699,3
ITEM00838,ORD00482,PROD0116,4,7718,80
ITEM00839,ORD00136,PROD0352,4,5463,89
ITEM00840,ORD00297,PROD0426,1,35249,3
ITEM00841,ORD00404,PROD0169,4,43320,8
ITEM00842,ORD00700,PROD0151,3,37780,77
ITEM00843,ORD00430,PROD0030,3,20082,62
ITEM00844,ORD00439,PROD0171,3,49003,46
ITEM00845,ORD00144,PROD0482,3,669,88
ITEM00846,ORD00489,PROD0064,2,39229,96
ITEM00847,ORD00269,PROD0493,1,50260,5
ITEM00848,ORD00294,PROD0008,3,4307,98
ITEM00849,ORD00031,PROD0055,2,7861,61
ITEM00850,ORD00472,PROD0448,5,6312,6
ITEM00851,ORD00308,PROD0389,1,25414,56
ITEM00852,ORD00113,PROD0376,3,43803,33
ITEM00853,ORD00687,PROD0106,4,3157,94
ITEM00854,ORD00677,PROD0354,4,19503,37
ITEM00855,ORD00346,PROD0467,2,1699,73
ITEM00856,ORD00525,PROD0152,5,14770,22
ITEM00857,ORD00367,PROD0439,2,26374,91
ITEM00858,ORD00591,PROD0035,2,28929,5
ITEM00859,ORD00523,PROD0198,1,32033,19
ITEM00860,ORD00002,PROD0369,2,42588,97
ITEM00861,ORD00453,PROD0284,3,31470,75
ITEM00862,ORD00530,PROD0048,5,56643,64
ITEM00863,ORD00198,PROD0122,4,56032,89
ITEM00864,ORD00390,PROD0396,5,14214,56
ITEM00865,ORD00468,PROD0347,1,19162,6
ITEM00866,ORD00278,PROD0123,2,32204,75
ITEM00867,ORD00498,PROD0421,5,20426,12
ITEM00868,ORD00320,PROD0472,2,41556,1
ITEM00869,ORD00635,PROD0285,1,24616,63
ITEM00870,ORD00169,PROD0092,4,55546,68
ITEM00871,ORD00125,PROD0334,3,1526,41
ITEM00872,ORD00191,PROD0201,-5,48191,54
ITEM00873,ORD00545,PROD0049,5,48138,71
ITEM00874,ORD00011,PROD0277,-1,12622,13
ITEM00875,ORD00110,PROD0144,2,16219,57
ITEM00876,ORD00345,PROD0217,5,1299,52
ITEM00877,ORD00332,PROD0392,3,29383,64
ITEM00878,ORD00525,PROD0281,2,341,33
ITEM00879,ORD00143,PROD0437,1,47776,60
ITEM00880,ORD00488,PROD0456,2,5502,9
ITEM00881,ORD00528,PROD0435,5,48781,100
ITEM00882,ORD00614,PROD0457,2,47612,28
ITEM00883,ORD00133,PROD0386,3,47187,58
ITEM00884,ORD00230,PROD0034,1,27497,71
ITEM00885,ORD00543,PROD0198,4,55035,89
ITEM00886,ORD00437,PROD0331,1,53324,49
ITEM00887,ORD00231,PROD0289,4,32117,15
ITEM00888,ORD00418,PROD0414,5,58690,44
ITEM00889,ORD00306,PROD0083,1,14844,98
ITEM00890,ORD00630,PROD0063,1,59485,81
ITEM00891,ORD00505,PROD0049,1,22249,57
ITEM00892,ORD00264,PROD0478,1,1919,97
ITEM00893,ORD00476,PROD0158,5,51712,96
ITEM00894,ORD00405,PROD0230,3,5156,72
ITEM00895,ORD00094,PROD0111,3,59177,62
ITEM00896,ORD00361,PROD0106,3,2675,57
ITEM00897,ORD00282,PROD0140,3,15370,67
ITEM00898,ORD00257,PROD0286,5,48844,97
ITEM00899,ORD00340,PROD0074,5,59485,40
ITEM00900,ORD00367,PROD0409,2,56800,62
ITEM00901,ORD00245,PROD0074,5,33063,13
ITEM00902,ORD00689,PROD0035,5,10791,81
ITEM00903,ORD00604,PROD0110,2,25112,89
ITEM00904,ORD00438,PROD0011,5,57713,48
ITEM00905,ORD00239,PROD0456,4,33834,45
ITEM00906,ORD00388,PROD0388,3,49676,37
ITEM00907,ORD00232,PROD0256,1,36342,77
ITEM00908,ORD00473,PROD0234,5,31428,26
ITEM00909,ORD00398,PROD0177,1,22305,38
ITEM00910,ORD00296,PROD0254,5,53503,22
ITEM00911,ORD00644,PROD0437,5,29253,5
ITEM00912,ORD00056,PROD0324,5,26728,17
ITEM00913,ORD00641,PROD0363,3,53147,95
ITEM00914,ORD00423,PROD0374,1,55488,53
ITEM00915,ORD00662,PROD0276,5,2881,36
ITEM00916,ORD00245,PROD0301,3,20325,39
ITEM00917,ORD00188,PROD0041,1,50562,42
ITEM00918,ORD00012,PROD0180,2,33012,14
ITEM00919,ORD00150,PROD0252,5,12550,33
ITEM00920,ORD00388,PROD0435,5,7009,92
ITEM00921,ORD00182,PROD0212,1,16597,41
ITEM00922,ORD00196,PROD0388,3,9946,2
ITEM00923,ORD00150,PROD0012,3,15981,14
ITEM00924,ORD00255,PROD0283,-5,36127,64
ITEM00925,ORD00198,PROD0396,4,58084,1
ITEM00926,ORD00557,PROD0189,2,31976,99
ITEM00927,ORD00318,PROD0293,4,2146,29
ITEM00928,ORD00633,PROD0237,4,15847,59
ITEM00929,ORD00587,PROD0335,3,38421,22
ITEM00930,ORD00655,PROD0497,5,48402,62
ITEM00931,ORD00200,PROD0109,1,57321,70
ITEM00932,ORD00582,PROD0253,1,11307,17
ITEM00933,ORD00110,PROD0487,2,56386,24
ITEM00934,ORD00686,PROD0339,1,15237,18
ITEM00935,ORD00647,PROD0201,4,25347,60
ITEM00936,ORD00466,PROD0159,1,10541,63
ITEM00937,ORD00511,PROD0238,-3,36313,24
ITEM00938,ORD00057,PROD0274,5,31734,25
ITEM00939,ORD00318,PROD0361,5,6488,8
ITEM00940,ORD00467,PROD0160,3,14476,40
ITEM00941,ORD00506,PROD0119,1,3187,61
ITEM00942,ORD00389,PROD0442,4,46908,41
ITEM00943,ORD00083,PROD0048,5,47951,52
ITEM00944,ORD00165,PROD0155,5,28268,99
ITEM00945,ORD00625,PROD0277,2,27185,85
ITEM00946,ORD00095,PROD0125,1,56252,43
ITEM00947,ORD00517,PROD0313,2,56321,34
ITEM00948,ORD00114,PROD0440,5,25584,34
ITEM00949,ORD00509,PROD0128,1,38686,48
ITEM00950,ORD00636,PROD0409,2,18002,4
ITEM00951,ORD00476,PROD0412,5,20591,2
ITEM00952,ORD00147,PROD0321,-2,2027,72
ITEM00953,ORD00502,PROD0153,2,5291,92
ITEM00954,ORD00409,PROD0463,1,44220,57
ITEM00955,ORD00631,PROD0495,3,19663,98
ITEM00956,ORD00272,PROD0087,2,9691,48
ITEM00957,ORD00014,PROD0449,2,12098,23
ITEM00958,ORD00530,PROD0295,5,57978,20
ITEM00959,ORD00588,PROD0210,4,1612,56
ITEM00960,ORD00179,PROD0223,4,39474,59
ITEM00961,ORD00190,PROD0482,5,19562,32
ITEM00962,ORD00674,PROD0305,4,27769,84
ITEM00963,ORD00680,PROD0149,5,41688,13
ITEM00964,ORD00343,PROD0277,2,56725,87
ITEM00965,ORD00524,PROD0095,2,55534,76
ITEM00966,ORD00699,PROD0211,3,53846,39
ITEM00967,ORD00522,PROD0423,4,30053,66
ITEM00968,ORD00532,PROD0389,1,55886,49
ITEM00969,ORD00601,PROD0345,4,11531,89
ITEM00970,ORD00607,PROD0470,3,16408,39
ITEM00971,ORD00612,PROD0100,3,32599,78
ITEM00972,ORD00561,PROD0021,3,8331,30
ITEM00973,ORD00171,PROD0487,3,9155,31
ITEM00974,ORD00561,PROD0377,2,1253,71
ITEM00975,ORD00649,PROD0182,5,59389,12
ITEM00976,ORD00623,PROD0077,2,11283,45
ITEM00977,ORD00506,PROD0423,4,12353,13
ITEM00978,ORD00683,PROD0380,3,39076,17
ITEM00979,ORD00272,PROD0460,4,12143,56
ITEM00980,ORD00032,PROD0035,4,29145,85
ITEM00981,ORD00512,PROD0275,4,20735,28
ITEM00982,ORD00084,PROD0283,2,33920,85
ITEM00983,ORD00618,PROD0001,2,30104,89
ITEM00984,ORD00366,PROD0390,5,55594,22
ITEM00985,ORD00443,PROD0062,-3,22202,80
ITEM00986,ORD00351,PROD0470,3,56153,64
ITEM00987,ORD00479,PROD0266,1,27450,84
ITEM00988,ORD00565,PROD0011,4,13987,31
ITEM00989,ORD00398,PROD0236,3,4087,31
ITEM00990,ORD00307,PROD0172,4,50377,87
ITEM00991,ORD00205,PROD0377,1,8974,92
ITEM00992,ORD00576,PROD0308,4,21312,12
ITEM00993,ORD00498,PROD0311,5,53196,62
ITEM00994,ORD00588,PROD0338,4,54832,18
ITEM00995,ORD00514,PROD0097,3,17867,54
ITEM00996,ORD00387,PROD0141,3,40390,10
ITEM00997,ORD00177,PROD0042,2,23514,64
ITEM00998,ORD00167,PROD0249,2,30600,20
ITEM00999,ORD00110,PROD0403,2,25216,13
ITEM01000,ORD00119,PROD0182,4,18165,39
ITEM01001,ORD00214,PROD0358,2,9415,69
ITEM01002,ORD00116,PROD0013,2,2688,76
ITEM01003,ORD00045,PROD0217,2,37730,39
ITEM01004,ORD00342,PROD0110,5,41749,29
ITEM01005,ORD00159,PROD0428,3,43829,1
ITEM01006,ORD00351,PROD0086,1,52543,88
ITEM01007,ORD00104,PROD0424,2,45070,17
ITEM01008,ORD00606,PROD0046,-2,7775,99
ITEM01009,ORD00402,PROD0042,4,25110,94
ITEM01010,ORD00546,PROD0447,3,25571,79
ITEM01011,ORD00438,PROD0491,5,44438,30
ITEM01012,ORD00009,PROD0224,2,29566,94
ITEM01013,ORD00138,PROD0344,2,4738,31
ITEM01014,ORD00545,PROD0275,5,57574,86
ITEM01015,ORD00106,PROD0099,3,51881,7
ITEM01016,ORD00065,PROD0198,5,3718,21
ITEM01017,ORD00241,PROD0420,3,40045,24
ITEM01018,ORD00559,PROD0089,2,40573,56
ITEM01019,ORD00196,PROD0428,4,41899,70
ITEM01020,ORD00012,PROD0390,5,12009,60
ITEM01021,ORD00377,PROD0142,3,38889,98
ITEM01022,ORD00597,PROD0029,1,48663,63
ITEM01023,ORD00520,PROD0248,5,54107,58
ITEM01024,ORD00531,PROD0083,3,12011,90
ITEM01025,ORD00405,PROD0240,5,21245,69
ITEM01026,ORD00187,PROD0068,5,30901,32
ITEM01027,ORD00181,PROD0183,2,52940,55
ITEM01028,ORD00172,PROD0406,1,34160,0
ITEM01029,ORD00134,PROD0127,5,40079,89
ITEM01030,ORD00212,PROD0269,5,17098,0
ITEM01031,ORD00302,PROD0241,5,51449,66
ITEM01032,ORD00475,PROD0062,4,49846,11
ITEM01033,ORD00271,PROD0381,3,34364,65
ITEM01034,ORD00018,PROD0412,3,8909,37
ITEM01035,ORD00540,PROD0420,4,29490,56
ITEM01036,ORD00585,PROD0379,4,16630,57
ITEM01037,ORD00302,PROD0055,1,45340,51
ITEM01038,ORD00196,PROD0193,2,47835,29
ITEM01039,ORD00142,PROD0029,4,26430,77
ITEM01040,ORD00395,PROD0499,1,8698,0
ITEM01041,ORD00241,PROD0140,1,58264,17
ITEM01042,ORD00428,PROD0302,1,13135,62
ITEM01043,ORD00017,PROD0229,2,45805,97
ITEM01044,ORD00354,PROD0061,2,38616,12
ITEM01045,ORD00395,PROD0457,5,29655,38
ITEM01046,ORD00260,PROD0104,3,37361,7
ITEM01047,ORD00057,PROD0364,1,39336,32
ITEM01048,ORD00028,PROD0143,4,48566,57
ITEM01049,ORD00346,PROD0230,1,10482,43
ITEM01050,ORD00596,PROD0370,4,45511,99
ITEM01051,ORD00224,PROD0015,5,29840,79
ITEM01052,ORD00354,PROD0113,1,37449,4
ITEM01053,ORD00190,PROD0057,2,29742,15
ITEM01054,ORD00568,PROD0040,3,51752,20
ITEM01055,ORD00364,PROD0488,-5,21010,83
ITEM01056,ORD00451,PROD0476,3,41723,34
ITEM01057,ORD00253,PROD0365,4,38131,65
ITEM01058,ORD00067,PROD0011,4,56008,16
ITEM01059,ORD00123,PROD0297,5,51240,7
ITEM01060,ORD00621,PROD0117,5,29692,89
ITEM01061,ORD00104,PROD0147,3,53659,57
ITEM01062,ORD00437,PROD0006,3,20999,98
ITEM01063,ORD00665,PROD0300,4,30336,64
ITEM01064,ORD00547,PROD0482,5,1372,37
ITEM01065,ORD00419,PROD0389,2,49525,23
ITEM01066,ORD00411,PROD0035,3,58574,0
ITEM01067,ORD00480,PROD0421,3,19710,19
ITEM01068,ORD00552,PROD0478,1,52816,43
ITEM01069,ORD00641,PROD0371,4,37833,20
ITEM01070,ORD00560,PROD0435,2,220,90
ITEM01071,ORD00112,PROD0455,2,40274,82
ITEM01072,ORD00260,PROD0322,1,912,26
ITEM01073,ORD00489,PROD0238,-1,46805,83
ITEM01074,ORD00354,PROD0497,5,47356,34
ITEM01075,ORD00646,PROD0377,4,39672,67
ITEM01076,ORD00546,PROD0266,2,17413,92
ITEM01077,ORD00338,PROD0314,5,26644,8
ITEM01078,ORD00079,PROD0343,1,35495,60
ITEM01079,ORD00349,PROD0321,1,49507,11
ITEM01080,ORD00558,PROD0476,3,54193,73
ITEM01081,ORD00597,PROD0368,5,1947,47
ITEM01082,ORD00048,PROD0095,4,20118,43
ITEM01083,ORD00380,PROD0103,5,36270,74
ITEM01084,ORD00063,PROD0106,2,10276,83
ITEM01085,ORD00071,PROD0328,1,39615,13
ITEM01086,ORD00521,PROD0389,4,16380,90
ITEM01087,ORD00165,PROD0227,5,26549,33
ITEM01088,ORD00098,PROD0189,2,5732,96
ITEM01089,ORD00478,PROD0364,5,24456,34
ITEM01090,ORD00016,PROD0122,1,56897,99
ITEM01091,ORD00615,PROD0242,5,11741,42
ITEM01092,ORD00479,PROD0045,2,47802,1
ITEM01093,ORD00328,PROD0113,1,56338,47
ITEM01094,ORD00009,PROD0368,1,19957,66
ITEM01095,ORD00682,PROD0249,4,50457,3
ITEM01096,ORD00026,PROD0408,5,46391,87
ITEM01097,ORD00367,PROD0434,3,21518,67
ITEM01098,ORD00567,PROD0084,3,15163,19
ITEM01099,ORD00545,PROD0138,5,56329,34
ITEM01100,ORD00429,PROD0193,4,56887,50
ITEM01101,ORD00139,PROD0421,2,17820,30
ITEM01102,ORD00504,PROD0204,4,14997,96
ITEM01103,ORD00032,PROD0395,2,53355,42
ITEM01104,ORD00697,PROD0269,4,31966,39
ITEM01105,ORD00371,PROD0475,4,44900,97
ITEM01106,ORD00001,PROD0269,3,19276,81
ITEM01107,ORD00557,PROD0099,4,50641,40
ITEM01108,ORD00459,PROD0362,2,28343,43
ITEM01109,ORD00008,PROD0382,4,3384,88
ITEM01110,ORD00682,PROD0324,1,55441,2
ITEM01111,ORD00011,PROD0314,2,57775,16
ITEM01112,ORD00083,PROD0442,-2,6945,51
ITEM01113,ORD00132,PROD0243,3,58698,99
ITEM01114,ORD00607,PROD0011,1,13457,52
ITEM01115,ORD00291,PROD0002,4,52702,24
ITEM01116,ORD00198,PROD0105,1,25688,65
ITEM01117,ORD00301,PROD0236,2,45826,93
ITEM01118,ORD00593,PROD0333,5,44781,14
ITEM01119,ORD00172,PROD0498,4,35857,83
ITEM01120,ORD00069,PROD0086,-1,7560,37
ITEM01121,ORD00475,PROD0380,4,58281,28
ITEM01122,ORD00086,PROD0291,2,3274,34
ITEM01123,ORD00236,PROD0004,-5,28395,30
ITEM01124,ORD00688,PROD0283,1,35477,45
ITEM01125,ORD00490,PROD0203,1,44792,94
ITEM01126,ORD00463,PROD0388,2,50654,56
ITEM01127,ORD00501,PROD0360,1,45837,5
ITEM01128,ORD00601,PROD0013,4,53309,68
ITEM01129,ORD00159,PROD0468,4,37759,88
ITEM01130,ORD00467,PROD0075,2,36225,55
ITEM01131,ORD00679,PROD0130,5,52736,33
ITEM01132,ORD00175,PROD0464,3,43206,45
ITEM01133,ORD00447,PROD0343,4,44641,34
ITEM01134,ORD00555,PROD0111,2,58755,39
ITEM01135,ORD00055,PROD0278,-4,10820,23
ITEM01136,ORD00172,PROD0443,2,59893,47
ITEM01137,ORD00118,PROD0367,5,59454,43
ITEM01138,ORD00183,PROD0342,5,37651,93
ITEM01139,ORD00662,PROD0377,1,29764,65
ITEM01140,ORD00310,PROD0113,4,35206,31
ITEM01141,ORD00197,PROD0224,1,57877,33
ITEM01142,ORD00455,PROD0307,1,25671,56
ITEM01143,ORD00691,PROD0070,3,40558,64
ITEM01144,ORD00136,PROD0104,2,41144,7
ITEM01145,ORD00453,PROD0058,4,5245,88
ITEM01146,ORD00109,PROD0041,4,27768,87
ITEM01147,ORD00437,PROD0359,4,220,1
ITEM01148,ORD00046,PROD0217,3,19841,44
ITEM01149,ORD00201,PROD0024,3,39405,94
ITEM01150,ORD00629,PROD0309,5,47759,17
ITEM01151,ORD00223,PROD0373,3,35665,11
ITEM01152,ORD00586,PROD0313,1,27070,72
ITEM01153,ORD00571,PROD0010,1,14859,72
ITEM01154,ORD00357,PROD0164,3,11451,56
ITEM01155,ORD00481,PROD0285,1,22870,82
ITEM01156,ORD00540,PROD0272,4,46728,49
ITEM01157,ORD00075,PROD0463,5,31139,7
ITEM01158,ORD00654,PROD0052,2,32546,60
ITEM01159,ORD00433,PROD0208,5,47366,30
ITEM01160,ORD00118,PROD0353,1,38064,64
ITEM01161,ORD00499,PROD0240,1,39727,59
ITEM01162,ORD00082,PROD0491,3,32786,86
ITEM01163,ORD00134,PROD0365,2,30026,53
ITEM01164,ORD00251,PROD0231,3,12783,71
ITEM01165,ORD00163,PROD0080,5,55658,44
ITEM01166,ORD00199,PROD0140,3,8797,34
ITEM01167,ORD00158,PROD0152,2,55334,9
ITEM01168,ORD00143,PROD0304,1,49278,83
ITEM01169,ORD00656,PROD0027,1,17718,46
ITEM01170,ORD00476,PROD0345,5,2091,70
ITEM01171,ORD00036,PROD0327,4,27252,37
ITEM01172,ORD00134,PROD0144,3,45808,96
ITEM01173,ORD00477,PROD0464,5,41451,90
ITEM01174,ORD00227,PROD0344,2,4549,74
ITEM01175,ORD00445,PROD0098,5,55145,4
ITEM01176,ORD00677,PROD0117,4,54199,89
ITEM01177,ORD00608,PROD0320,2,13811,99
ITEM01178,ORD00508,PROD0028,-1,2239,67
ITEM01179,ORD00160,PROD0398,4,48608,85
ITEM01180,ORD00657,PROD0121,5,1788,16
ITEM01181,ORD00059,PROD0454,1,39506,74
ITEM01182,ORD00582,PROD0131,3,33171,92
ITEM01183,ORD00648,PROD0382,1,4302,70
ITEM01184,ORD00614,PROD0430,2,15765,38
ITEM01185,ORD00578,PROD0067,5,32784,25
ITEM01186,ORD00579,PROD0098,1,54206,80
ITEM01187,ORD00086,PROD0073,5,56537,55
ITEM01188,ORD00625,PROD0417,1,12326,38
ITEM01189,ORD00570,PROD0429,1,6266,89
ITEM01190,ORD00367,PROD0407,3,39613,59
ITEM01191,ORD00634,PROD0225,2,54622,55
ITEM01192,ORD00170,PROD0264,1,8070,60
ITEM01193,ORD00546,PROD0040,2,4783,50
ITEM01194,ORD00165,PROD0190,5,13062,90
ITEM01195,ORD00632,PROD0129,1,58685,18
ITEM01196,ORD00448,PROD0125,3,9209,52
ITEM01197,ORD00042,PROD0043,3,10978,50
ITEM01198,ORD00234,PROD0386,4,26714,37
ITEM01199,ORD00625,PROD0114,5,5638,82
ITEM01200,ORD00599,PROD0447,1,36226,95
ITEM01201,ORD00639,PROD0219,2,14587,7
ITEM01202,ORD00156,PROD0388,5,9038,27
ITEM01203,ORD00595,PROD0404,4,10915,0
ITEM01204,ORD00653,PROD0069,3,50930,91
ITEM01205,ORD00357,PROD0379,4,42834,26
ITEM01206,ORD00429,PROD0143,4,15549,19
ITEM01207,ORD00070,PROD0443,3,11888,39
ITEM01208,ORD00499,PROD0459,3,34483,15
ITEM01209,ORD00366,PROD0450,2,11202,31
ITEM01210,ORD00611,PROD0182,1,32777,7
ITEM01211,ORD00403,PROD0472,2,40518,83
ITEM01212,ORD00651,PROD0006,4,3693,13
ITEM01213,ORD00251,PROD0490,3,50388,72
ITEM01214,ORD00182,PROD0026,1,55864,17
ITEM01215,ORD00273,PROD0022,5,3524,54
ITEM01216,ORD00480,PROD0062,2,9440,80
ITEM01217,ORD00463,PROD0037,2,46648,90
ITEM01218,ORD00631,PROD0429,2,38098,17
ITEM01219,ORD00355,PROD0289,3,34282,23
ITEM01220,ORD00343,PROD0189,2,44843,13
ITEM01221,ORD00486,PROD0204,4,35459,77
ITEM01222,ORD00478,PROD0074,1,47238,52
ITEM01223,ORD00398,PROD0191,3,16833,100
ITEM01224,ORD00583,PROD0100,4,22701,28
ITEM01225,ORD00098,PROD0476,4,23540,47
ITEM01226,ORD00662,PROD0146,4,31941,57
ITEM01227,ORD00597,PROD0237,1,39764,21
ITEM01228,ORD00024,PROD0087,-2,58407,78
ITEM01229,ORD00119,PROD0486,5,35914,23
ITEM01230,ORD00120,PROD0289,1,40795,30
ITEM01231,ORD00387,PROD0360,5,52713,21
ITEM01232,ORD00175,PROD0138,5,7521,51
ITEM01233,ORD00676,PROD0001,5,561,19
ITEM01234,ORD00181,PROD0250,2,29387,60
ITEM01235,ORD00222,PROD0118,5,47796,95
ITEM01236,ORD00166,PROD0317,5,29351,55
ITEM01237,ORD00679,PROD0310,1,38294,18
ITEM01238,ORD00393,PROD0067,4,22780,61
ITEM01239,ORD00025,PROD0074,3,1274,75
ITEM01240,ORD00479,PROD0497,4,6391,65
ITEM01241,ORD00323,PROD0010,1,35963,19
ITEM01242,ORD00477,PROD0349,3,47248,84
ITEM01243,ORD00056,PROD0471,2,9114,6
ITEM01244,ORD00138,PROD0413,5,51559,17
ITEM01245,ORD00376,PROD0205,2,46686,14
ITEM01246,ORD00192,PROD0318,5,24440,76
ITEM01247,ORD00199,PROD0022,2,4117,10
ITEM01248,ORD00391,PROD0037,2,51951,99
ITEM01249,ORD00611,PROD0026,2,43489,8
ITEM01250,ORD00117,PROD0500,5,16671,11
ITEM01251,ORD00427,PROD0359,5,8089,78
ITEM01252,ORD00288,PROD0066,3,34527,10
ITEM01253,ORD00342,PROD0169,1,9832,90
ITEM01254,ORD00227,PROD0082,1,30447,6
ITEM01255,ORD00437,PROD0456,1,54139,18
ITEM01256,ORD00342,PROD0323,4,40844,52
ITEM01257,ORD00628,PROD0054,2,48422,9
ITEM01258,ORD00644,PROD0173,5,23068,20
ITEM01259,ORD00241,PROD0154,1,47378,63
ITEM01260,ORD00571,PROD0349,3,41517,50
ITEM01261,ORD00429,PROD0121,2,40248,20
ITEM01262,ORD00660,PROD0052,3,15211,71
ITEM01263,ORD00493,PROD0283,3,9435,48
ITEM01264,ORD00093,PROD0322,2,27867,53
ITEM01265,ORD00319,PROD0421,5,4434,35
ITEM01266,ORD00364,PROD0101,5,17384,97
ITEM01267,ORD00384,PROD0149,1,48642,13
ITEM01268,ORD00224,PROD0088,4,14057,51
ITEM01269,ORD00329,PROD0161,-1,31405,10
ITEM01270,ORD00530,PROD0399,5,41227,93
ITEM01271,ORD00403,PROD0051,3,4054,43
ITEM01272,ORD00063,PROD0477,4,20570,16
ITEM01273,ORD00232,PROD0380,3,56332,88
ITEM01274,ORD00251,PROD0331,1,27134,28
ITEM01275,ORD00130,PROD0135,2,40140,83
ITEM01276,ORD00395,PROD0186,5,51115,65
ITEM01277,ORD00569,PROD0092,2,13811,36
ITEM01278,ORD00217,PROD0160,2,3004,3
ITEM01279,ORD00570,PROD0246,3,12685,3
ITEM01280,ORD00017,PROD0475,1,10846,17
ITEM01281,ORD00051,PROD0038,3,3825,47
ITEM01282,ORD00412,PROD0160,1,26433,66
ITEM01283,ORD00280,PROD0445,2,702,28
ITEM01284,ORD00030,PROD0309,3,17640,67
ITEM01285,ORD00495,PROD0117,1,7664,48
ITEM01286,ORD00410,PROD0217,3,56995,16
ITEM01287,ORD00279,PROD0074,5,12372,79
ITEM01288,ORD00405,PROD0384,5,42335,26
ITEM01289,ORD00082,PROD0285,5,2255,23
ITEM01290,ORD00360,PROD0210,2,40465,98
ITEM01291,ORD00498,PROD0468,5,842,1
ITEM01292,ORD00308,PROD0362,3,36094,94
ITEM01293,ORD00569,PROD0027,3,22338,30
ITEM01294,ORD00608,PROD0340,2,47261,51
ITEM01295,ORD00238,PROD0009,4,58570,18
ITEM01296,ORD00454,PROD0092,2,40773,41
ITEM01297,ORD00487,PROD0387,4,39432,28
ITEM01298,ORD00533,PROD0001,1,29598,100
ITEM01299,ORD00164,PROD0203,5,49970,2
ITEM01300,ORD00064,PROD0324,3,57038,2
ITEM01301,ORD00164,PROD0091,3,48967,31
ITEM01302,ORD00183,PROD0400,2,19465,59
ITEM01303,ORD00038,PROD0121,1,58397,14
ITEM01304,ORD00251,PROD0001,5,19159,10
ITEM01305,ORD00335,PROD0345,3,58660,24
ITEM01306,ORD00543,PROD0158,5,14044,96
ITEM01307,ORD00545,PROD0260,2,47308,79
ITEM01308,ORD00655,PROD0341,5,38982,20
ITEM01309,ORD00071,PROD0262,5,56638,85
ITEM01310,ORD00639,PROD0037,3,10213,2
ITEM01311,ORD00192,PROD0411,4,35062,58
ITEM01312,ORD00543,PROD0068,3,57643,84
ITEM01313,ORD00425,PROD0082,1,45274,11
ITEM01314,ORD00276,PROD0218,3,33120,53
ITEM01315,ORD00122,PROD0274,3,47195,98
ITEM01316,ORD00105,PROD0306,4,10536,48
ITEM01317,ORD00370,PROD0328,1,13066,55
ITEM01318,ORD00115,PROD0441,5,24758,58
ITEM01319,ORD00009,PROD0370,1,54226,46
ITEM01320,ORD00162,PROD0347,5,1601,48
ITEM01321,ORD00342,PROD0270,3,12337,40
ITEM01322,ORD00301,PROD0289,4,1525,14
ITEM01323,ORD00438,PROD0296,1,2972,77
ITEM01324,ORD00578,PROD0431,2,4697,71
ITEM01325,ORD00039,PROD0403,1,57006,2
ITEM01326,ORD00161,PROD0413,4,37823,71
ITEM01327,ORD00294,PROD0001,4,7786,60
ITEM01328,ORD00465,PROD0177,5,39483,74
ITEM01329,ORD00266,PROD0240,1,29419,17
ITEM01330,ORD00374,PROD0144,2,33950,11
ITEM01331,ORD00411,PROD0039,1,39967,23
ITEM01332,ORD00639,PROD0133,4,6181,40
ITEM01333,ORD00512,PROD0133,3,13461,38
ITEM01334,ORD00289,PROD0215,3,17050,100
ITEM01335,ORD00188,PROD0359,1,54524,85
ITEM01336,ORD00383,PROD0205,3,9683,57
ITEM01337,ORD00382,PROD0448,-1,37127,75
ITEM01338,ORD00018,PROD0404,1,5741,78
ITEM01339,ORD00631,PROD0035,3,27457,27
ITEM01340,ORD00383,PROD0049,4,6137,62
ITEM01341,ORD00386,PROD0002,1,59622,95
ITEM01342,ORD00137,PROD0140,5,53088,63
ITEM01343,ORD00408,PROD0090,2,47092,89
ITEM01344,ORD00413,PROD0015,3,19750,52
ITEM01345,ORD00144,PROD0468,3,33530,82
ITEM01346,ORD00547,PROD0284,1,57092,24
ITEM01347,ORD00464,PROD0179,4,47277,92
ITEM01348,ORD00322,PROD0253,3,47543,81
ITEM01349,ORD00562,PROD0138,4,22795,100
ITEM01350,ORD00585,PROD0100,2,54101,2
ITEM01351,ORD00534,PROD0009,4,34837,100
ITEM01352,ORD00699,PROD0482,3,14294,76
ITEM01353,ORD00644,PROD0313,1,28597,62
ITEM01354,ORD00390,PROD0492,2,17530,38
ITEM01355,ORD00525,PROD0466,3,28437,59
ITEM01356,ORD00014,PROD0267,3,32886,68
ITEM01357,ORD00113,PROD0003,2,16591,64
ITEM01358,ORD00490,PROD0396,5,21612,42
ITEM01359,ORD00187,PROD0425,2,15199,97
ITEM01360,ORD00078,PROD0269,5,27406,73
ITEM01361,ORD00652,PROD0476,2,49262,48
ITEM01362,ORD00135,PROD0130,5,49498,74
ITEM01363,ORD00342,PROD0165,4,20642,52
ITEM01364,ORD00618,PROD0145,4,1618,27
ITEM01365,ORD00266,PROD0093,1,54550,21
ITEM01366,ORD00568,PROD0102,5,3512,65
ITEM01367,ORD00682,PROD0105,5,51010,81
ITEM01368,ORD00402,PROD0144,2,30887,11
ITEM01369,ORD00383,PROD0016,2,55216,45
ITEM01370,ORD00574,PROD0159,2,44872,68
ITEM01371,ORD00200,PROD0202,2,19518,37
ITEM01372,ORD00121,PROD0282,2,7752,51
ITEM01373,ORD00626,PROD0294,1,6206,56
ITEM01374,ORD00375,PROD0146,4,16194,44
ITEM01375,ORD00460,PROD0173,1,2199,92
ITEM01376,ORD00397,PROD0037,1,53413,1
ITEM01377,ORD00308,PROD0417,2,33102,80
ITEM01378,ORD00596,PROD0176,4,3717,26
ITEM01379,ORD00275,PROD0175,1,8196,7
ITEM01380,ORD00145,PROD0191,5,12911,33
ITEM01381,ORD00147,PROD0276,3,23182,4
ITEM01382,ORD00595,PROD0249,4,52863,85
ITEM01383,ORD00280,PROD0352,4,21308,43
ITEM01384,ORD00662,PROD0420,2,34054,56
ITEM01385,ORD00098,PROD0028,3,38289,24
ITEM01386,ORD00362,PROD0163,5,56020,36
ITEM01387,ORD00415,PROD0288,2,13619,56
ITEM01388,ORD00559,PROD0032,1,39643,42
ITEM01389,ORD00092,PROD0218,1,57606,72
ITEM01390,ORD00068,PROD0119,1,18559,42
ITEM01391,ORD00154,PROD0065,5,54064,67
ITEM01392,ORD00618,PROD0078,4,15450,6
ITEM01393,ORD00619,PROD0442,5,25729,11
ITEM01394,ORD00261,PROD0110,5,26678,66
ITEM01395,ORD00262,PROD0280,3,2373,17
ITEM01396,ORD00044,PROD0424,4,47849,69
ITEM01397,ORD00011,PROD0398,4,47028,11
ITEM01398,ORD00405,PROD0423,2,46925,45
ITEM01399,ORD00669,PROD0096,3,38727,20
ITEM01400,ORD00190,PROD0292,5,43475,99
ITEM01401,ORD00413,PROD0325,5,3930,65
ITEM01402,ORD00597,PROD0237,4,15516,5
ITEM01403,ORD00077,PROD0123,2,51412,19
ITEM01404,ORD00319,PROD0442,4,34257,29
ITEM01405,ORD00499,PROD0439,2,3587,94
ITEM01406,ORD00609,PROD0394,4,54715,92
ITEM01407,ORD00256,PROD0315,4,26062,62
ITEM01408,ORD00448,PROD0056,4,42720,5
ITEM01409,ORD00393,PROD0453,3,51998,100
ITEM01410,ORD00557,PROD0488,2,42172,50
ITEM01411,ORD00115,PROD0487,2,41457,70
ITEM01412,ORD00043,PROD0027,3,29096,14
ITEM01413,ORD00308,PROD0135,5,39284,8
ITEM01414,ORD00618,PROD0217,1,11778,44
ITEM01415,ORD00131,PROD0081,4,33718,21
ITEM01416,ORD00034,PROD0169,4,536,50
ITEM01417,ORD00423,PROD0170,-1,40140,8
ITEM01418,ORD00075,PROD0397,2,37587,23
ITEM01419,ORD00586,PROD0086,-5,3688,31
ITEM01420,ORD00355,PROD0021,1,22082,99
ITEM01421,ORD00427,PROD0085,4,43868,12
ITEM01422,ORD00665,PROD0084,4,8946,75
ITEM01423,ORD00633,PROD0128,5,371,19
ITEM01424,ORD00401,PROD0165,2,44945,48
ITEM01425,ORD00194,PROD0082,2,46794,2
ITEM01426,ORD00572,PROD0283,5,40696,33
ITEM01427,ORD00310,PROD0491,4,6231,11
ITEM01428,ORD00280,PROD0188,5,13370,92
ITEM01429,ORD00484,PROD0358,3,54326,0
ITEM01430,ORD00059,PROD0083,1,54320,26
ITEM01431,ORD00411,PROD0392,4,52948,33
ITEM01432,ORD00681,PROD0457,1,38679,60
ITEM01433,ORD00577,PROD0451,2,10977,84
ITEM01434,ORD00389,PROD0004,4,8501,45
ITEM01435,ORD00484,PROD0419,1,51373,81
ITEM01436,ORD00125,PROD0175,2,49556,7
ITEM01437,ORD00135,PROD0442,2,15222,69
ITEM01438,ORD00012,PROD0191,3,4822,10
ITEM01439,ORD00429,PROD0110,4,34091,20
ITEM01440,ORD00355,PROD0208,3,47012,94
ITEM01441,ORD00690,PROD0385,5,6763,68
ITEM01442,ORD00112,PROD0259,5,8254,44
ITEM01443,ORD00346,PROD0105,4,25407,33
ITEM01444,ORD00013,PROD0233,4,37751,14
ITEM01445,ORD00402,PROD0012,-2,55553,65
ITEM01446,ORD00538,PROD0169,5,54493,91
ITEM01447,ORD00458,PROD0273,4,32840,76
ITEM01448,ORD00415,PROD0119,2,55587,11
ITEM01449,ORD00322,PROD0159,3,3078,35
ITEM01450,ORD00010,PROD0131,1,19899,53
ITEM01451,ORD00303,PROD0226,3,30276,15
ITEM01452,ORD00212,PROD0325,2,9225,0
ITEM01453,ORD00574,PROD0161,4,41251,26
ITEM01454,ORD00393,PROD0271,2,17917,62
ITEM01455,ORD00425,PROD0423,4,6987,49
ITEM01456,ORD00626,PROD0412,1,48021,88
ITEM01457,ORD00206,PROD0090,2,7871,7
ITEM01458,ORD00528,PROD0420,1,46922,76
ITEM01459,ORD00176,PROD0464,1,14823,17
ITEM01460,ORD00151,PROD0110,1,25305,78
ITEM01461,ORD00473,PROD0172,2,4107,91
ITEM01462,ORD00626,PROD0098,2,28409,57
ITEM01463,ORD00280,PROD0043,3,34140,10
ITEM01464,ORD00024,PROD0348,3,40212,21
ITEM01465,ORD00379,PROD0037,5,9192,52
ITEM01466,ORD00166,PROD0125,2,28717,20
ITEM01467,ORD00521,PROD0022,4,9255,28
ITEM01468,ORD00071,PROD0314,2,413,61
ITEM01469,ORD00578,PROD0149,1,20016,10
ITEM01470,ORD00520,PROD0170,5,22882,5
ITEM01471,ORD00377,PROD0307,3,49609,55
ITEM01472,ORD00602,PROD0193,2,5917,54
ITEM01473,ORD00163,PROD0496,3,27955,95
ITEM01474,ORD00354,PROD0303,4,30263,71
ITEM01475,ORD00322,PROD0019,3,35066,63
ITEM01476,ORD00376,PROD0170,2,6933,92
ITEM01477,ORD00191,PROD0461,2,32864,98
ITEM01478,ORD00585,PROD0408,1,53472,13
ITEM01479,ORD00014,PROD0196,2,16560,28
ITEM01480,ORD00391,PROD0349,2,13325,61
ITEM01481,ORD00585,PROD0432,5,28918,42
ITEM01482,ORD00689,PROD0230,1,4929,89
ITEM01483,ORD00212,PROD0064,2,54683,90
ITEM01484,ORD00652,PROD0100,2,26444,38
ITEM01485,ORD00368,PROD0188,3,21894,65
ITEM01486,ORD00123,PROD0182,4,38418,18
ITEM01487,ORD00322,PROD0049,3,23406,39
ITEM01488,ORD00638,PROD0142,3,40405,15
ITEM01489,ORD00521,PROD0071,3,16860,78
ITEM01490,ORD00459,PROD0500,2,32752,28
ITEM01491,ORD00105,PROD0077,4,18854,23
ITEM01492,ORD00093,PROD0429,3,1431,24
ITEM01493,ORD00398,PROD0305,5,22728,30
ITEM01494,ORD00401,PROD0098,2,29722,7
ITEM01495,ORD00459,PROD0415,4,51456,41
ITEM01496,ORD00273,PROD0114,2,15246,26
ITEM01497,ORD00040,PROD0410,4,6265,70
ITEM01498,ORD00424,PROD0141,4,31116,40
ITEM01499,ORD00235,PROD0220,5,50866,69
ITEM01500,ORD00004,PROD0103,3,58201,99
ITEM01501,ORD00676,PROD0248,2,55787,77
ITEM01502,ORD00469,PROD0453,3,9956,6
ITEM01503,ORD00521,PROD0096,3,51493,8
ITEM01504,ORD00286,PROD0465,5,12110,41
ITEM01505,ORD00274,PROD0075,2,59507,91
ITEM01506,ORD00447,PROD0341,1,58641,48
ITEM01507,ORD00376,PROD0400,5,56903,69
ITEM01508,ORD00629,PROD0044,4,20941,27
ITEM01509,ORD00011,PROD0426,3,9244,52
ITEM01510,ORD00222,PROD0096,4,41067,33
ITEM01511,ORD00088,PROD0265,4,26818,81
ITEM01512,ORD00638,PROD0267,5,25455,75
ITEM01513,ORD00673,PROD0166,3,58860,59
ITEM01514,ORD00324,PROD0340,1,23242,32
ITEM01515,ORD00457,PROD0012,3,20882,48
ITEM01516,ORD00036,PROD0488,-4,8376,80
ITEM01517,ORD00006,PROD0134,5,31952,92
ITEM01518,ORD00439,PROD0050,1,7253,100
ITEM01519,ORD00657,PROD0129,1,2386,1
ITEM01520,ORD00444,PROD0448,3,50869,29
ITEM01521,ORD00456,PROD0370,2,55572,40
ITEM01522,ORD00453,PROD0085,3,30246,65
ITEM01523,ORD00574,PROD0380,3,42631,63
ITEM01524,ORD00249,PROD0341,1,25476,17
ITEM01525,ORD00513,PROD0396,1,12677,65
ITEM01526,ORD00590,PROD0063,2,36482,78
ITEM01527,ORD00229,PROD0166,4,12530,86
ITEM01528,ORD00350,PROD0212,2,28907,70
ITEM01529,ORD00216,PROD0401,5,38849,18
ITEM01530,ORD00387,PROD0010,4,32952,52
ITEM01531,ORD00411,PROD0006,-1,10549,72
ITEM01532,ORD00155,PROD0218,2,40006,76
ITEM01533,ORD00608,PROD0047,5,12655,11
ITEM01534,ORD00041,PROD0033,2,54727,58
ITEM01535,ORD00411,PROD0010,3,36548,81
ITEM01536,ORD00471,PROD0126,1,51779,63
ITEM01537,ORD00683,PROD0477,2,22203,42
ITEM01538,ORD00588,PROD0226,2,36868,55
ITEM01539,ORD00178,PROD0096,2,1373,15
ITEM01540,ORD00459,PROD0027,-4,4257,33
ITEM01541,ORD00537,PROD0448,4,35926,66
ITEM01542,ORD00558,PROD0081,4,23997,100
ITEM01543,ORD00081,PROD0429,5,52985,17
ITEM01544,ORD00599,PROD0111,1,12882,29
ITEM01545,ORD00069,PROD0376,2,26572,89
ITEM01546,ORD00680,PROD0465,1,23085,52
ITEM01547,ORD00040,PROD0381,3,17302,25
ITEM01548,ORD00166,PROD0329,5,51172,69
ITEM01549,ORD00050,PROD0012,5,51797,24
ITEM01550,ORD00606,PROD0149,3,40274,49
ITEM01551,ORD00681,PROD0204,4,37958,1
ITEM01552,ORD00412,PROD0219,-1,48772,0
ITEM01553,ORD00179,PROD0251,3,40062,39
ITEM01554,ORD00648,PROD0222,3,33599,77
ITEM01555,ORD00257,PROD0365,5,19071,97
ITEM01556,ORD00240,PROD0223,4,31806,76
ITEM01557,ORD00522,PROD0434,1,28685,34
ITEM01558,ORD00171,PROD0126,2,55180,37
ITEM01559,ORD00637,PROD0038,1,16178,75
ITEM01560,ORD00485,PROD0036,4,34153,62
ITEM01561,ORD00224,PROD0349,1,11344,4
ITEM01562,ORD00321,PROD0325,3,45241,47
ITEM01563,ORD00640,PROD0088,3,58266,53
ITEM01564,ORD00145,PROD0494,2,14731,70
ITEM01565,ORD00572,PROD0084,1,8474,46
ITEM01566,ORD00130,PROD0131,1,52262,87
ITEM01567,ORD00097,PROD0383,3,15650,32
ITEM01568,ORD00467,PROD0408,3,48109,25
ITEM01569,ORD00061,PROD0004,4,45156,99
ITEM01570,ORD00634,PROD0440,3,18815,96
ITEM01571,ORD00134,PROD0162,3,41612,70
ITEM01572,ORD00046,PROD0065,3,21551,8
ITEM01573,ORD00067,PROD0162,4,4510,40
ITEM01574,ORD00330,PROD0106,1,45996,87
ITEM01575,ORD00249,PROD0310,5,13062,65
ITEM01576,ORD00138,PROD0029,1,1647,95
ITEM01577,ORD00512,PROD0372,5,36134,98
ITEM01578,ORD00616,PROD0011,1,10336,59
ITEM01579,ORD00382,PROD0171,1,29899,3
ITEM01580,ORD00043,PROD0069,4,17951,45
ITEM01581,ORD00682,PROD0116,2,25695,68
ITEM01582,ORD00697,PROD0301,3,28011,61
ITEM01583,ORD00365,PROD0011,4,6954,28
ITEM01584,ORD00660,PROD0320,1,12288,46
ITEM01585,ORD00514,PROD0110,-5,4905,66
ITEM01586,ORD00059,PROD0362,2,41065,62
ITEM01587,ORD00671,PROD0417,4,27752,23
ITEM01588,ORD00465,PROD0303,4,55439,10
ITEM01589,ORD00597,PROD0462,3,11801,32
ITEM01590,ORD00400,PROD0036,1,24117,93
ITEM01591,ORD00123,PROD0306,-1,17563,51
ITEM01592,ORD00551,PROD0036,4,7561,76
ITEM01593,ORD00044,PROD0412,3,26996,59
ITEM01594,ORD00057,PROD0487,1,49186,84
ITEM01595,ORD00245,PROD0330,3,17726,54
ITEM01596,ORD00154,PROD0084,3,34141,11
ITEM01597,ORD00528,PROD0173,3,48526,91
ITEM01598,ORD00662,PROD0258,3,19263,79
ITEM01599,ORD00630,PROD0385,1,43229,43
ITEM01600,ORD00220,PROD0048,4,50013,78
ITEM01601,ORD00526,PROD0447,5,2843,21
ITEM01602,ORD00320,PROD0341,4,36315,12
ITEM01603,ORD00451,PROD0029,4,19867,63
ITEM01604,ORD00161,PROD0293,5,20705,56
ITEM01605,ORD00565,PROD0450,4,33183,46
ITEM01606,ORD00155,PROD0209,1,48372,40
ITEM01607,ORD00276,PROD0009,1,10168,51
ITEM01608,ORD00374,PROD0475,4,59422,0
ITEM01609,ORD00104,PROD0323,2,20299,34
ITEM01610,ORD00564,PROD0340,2,48680,48
ITEM01611,ORD00278,PROD0263,2,37589,14
ITEM01612,ORD00549,PROD0195,4,55608,62
ITEM01613,ORD00403,PROD0438,4,52213,71
ITEM01614,ORD00556,PROD0441,1,35505,31
ITEM01615,ORD00664,PROD0375,1,11565,51
ITEM01616,ORD00130,PROD0198,5,21489,78
ITEM01617,ORD00254,PROD0012,1,3629,41
ITEM01618,ORD00111,PROD0221,1,55980,48
ITEM01619,ORD00368,PROD0404,2,27967,34
ITEM01620,ORD00680,PROD0469,4,33630,31
ITEM01621,ORD00532,PROD0448,3,1637,82
ITEM01622,ORD00270,PROD0081,1,12686,12
ITEM01623,ORD00132,PROD0398,1,46699,58
ITEM01624,ORD00583,PROD0186,1,11368,65
ITEM01625,ORD00349,PROD0184,2,22667,2
ITEM01626,ORD00487,PROD0158,4,45005,19
ITEM01627,ORD00374,PROD0016,1,23591,49
ITEM01628,ORD00015,PROD0316,3,40867,7
ITEM01629,ORD00367,PROD0270,3,23797,55
ITEM01630,ORD00169,PROD0430,3,49641,18
ITEM01631,ORD00521,PROD0075,-3,36780,96
ITEM01632,ORD00177,PROD0034,5,59112,12
ITEM01633,ORD00614,PROD0249,1,15330,92
ITEM01634,ORD00015,PROD0410,1,53017,49
ITEM01635,ORD00044,PROD0388,3,16189,48
ITEM01636,ORD00122,PROD0401,3,22182,31
ITEM01637,ORD00697,PROD0085,1,59876,12
ITEM01638,ORD00490,PROD0040,3,24684,69
ITEM01639,ORD00399,PROD0280,2,27701,20
ITEM01640,ORD00003,PROD0303,-4,20334,92
ITEM01641,ORD00403,PROD0493,3,23512,28
ITEM01642,ORD00261,PROD0448,2,12652,35
ITEM01643,ORD00369,PROD0389,3,8578,11
ITEM01644,ORD00439,PROD0097,2,16895,33
ITEM01645,ORD00187,PROD0312,5,58711,0
ITEM01646,ORD00312,PROD0347,3,27834,74
ITEM01647,ORD00289,PROD0178,4,21403,78
ITEM01648,ORD00349,PROD0391,2,36091,76
ITEM01649,ORD00550,PROD0043,5,896,40
ITEM01650,ORD00006,PROD0355,2,7009,70
ITEM01651,ORD00113,PROD0282,-1,51637,62
ITEM01652,ORD00423,PROD0006,3,42929,72
ITEM01653,ORD00397,PROD0101,4,40589,30
ITEM01654,ORD00069,PROD0021,5,28838,3
ITEM01655,ORD00139,PROD0412,5,49894,98
ITEM01656,ORD00098,PROD0149,3,234,49
ITEM01657,ORD00253,PROD0134,5,12833,63
ITEM01658,ORD00019,PROD0144,3,12003,57
ITEM01659,ORD00678,PROD0395,2,30148,1
ITEM01660,ORD00001,PROD0262,1,30933,34
ITEM01661,ORD00227,PROD0223,3,11429,60
ITEM01662,ORD00307,PROD0237,2,43204,53
ITEM01663,ORD00627,PROD0358,3,30286,26
ITEM01664,ORD00168,PROD0224,1,38518,81
ITEM01665,ORD00553,PROD0275,5,57072,74
ITEM01666,ORD00451,PROD0301,2,30874,29
ITEM01667,ORD00692,PROD0497,2,56111,66
ITEM01668,ORD00607,PROD0333,2,12639,43
ITEM01669,ORD00416,PROD0256,5,43296,100
ITEM01670,ORD00287,PROD0275,5,26525,9
ITEM01671,ORD00039,PROD0474,3,27205,14
ITEM01672,ORD00242,PROD0057,5,26271,55
ITEM01673,ORD00145,PROD0172,5,52406,76
ITEM01674,ORD00498,PROD0448,3,3688,36
ITEM01675,ORD00222,PROD0202,5,47163,64
ITEM01676,ORD00308,PROD0392,4,24252,79
ITEM01677,ORD00430,PROD0177,4,5973,34
ITEM01678,ORD00494,PROD0456,1,31994,1
ITEM01679,ORD00347,PROD0422,3,40645,86
ITEM01680,ORD00132,PROD0257,2,32944,11
ITEM01681,ORD00239,PROD0168,5,16717,51
ITEM01682,ORD00230,PROD0303,5,16990,57
ITEM01683,ORD00555,PROD0497,4,13483,66
ITEM01684,ORD00387,PROD0305,1,9610,56
ITEM01685,ORD00629,PROD0356,4,45828,16
ITEM01686,ORD00074,PROD0272,2,39860,64
ITEM01687,ORD00557,PROD0037,4,7448,28
ITEM01688,ORD00653,PROD0218,3,5638,25
ITEM01689,ORD00653,PROD0117,2,20967,28
ITEM01690,ORD00561,PROD0395,3,11026,96
ITEM01691,ORD00599,PROD0338,4,26485,31
ITEM01692,ORD00445,PROD0134,3,17902,100
ITEM01693,ORD00614,PROD0279,3,23362,53
ITEM01694,ORD00131,PROD0043,2,52247,76
ITEM01695,ORD00573,PROD0192,1,33287,12
ITEM01696,ORD00431,PROD0094,2,3822,11
ITEM01697,ORD00680,PROD0228,2,28058,42
ITEM01698,ORD00092,PROD0440,1,58249,67
ITEM01699,ORD00355,PROD0173,4,47737,21
ITEM01700,ORD00165,PROD0277,2,16432,64
ITEM01701,ORD00527,PROD0157,5,33877,8
ITEM01702,ORD00480,PROD0047,5,12869,20
ITEM01703,ORD00642,PROD0168,5,10452,90
ITEM01704,ORD00652,PROD0039,5,29511,14
ITEM01705,ORD00539,PROD0475,5,45830,79
ITEM01706,ORD00579,PROD0248,3,56858,10
ITEM01707,ORD00187,PROD0495,3,55841,51
ITEM01708,ORD00104,PROD0345,1,50403,11
ITEM01709,ORD00257,PROD0031,5,3520,0
ITEM01710,ORD00298,PROD0026,4,46157,0
ITEM01711,ORD00223,PROD0058,1,6579,42
ITEM01712,ORD00004,PROD0331,3,17260,24
ITEM01713,ORD00294,PROD0238,1,15920,86
ITEM01714,ORD00204,PROD0497,1,8313,54
ITEM01715,ORD00396,PROD0473,4,56249,57
ITEM01716,ORD00271,PROD0016,-2,45294,30
ITEM01717,ORD00307,PROD0275,3,59956,77
ITEM01718,ORD00091,PROD0398,2,4236,22
ITEM01719,ORD00234,PROD0195,4,25929,31
ITEM01720,ORD00287,PROD0094,3,35265,96
ITEM01721,ORD00398,PROD0103,5,6651,53
ITEM01722,ORD00377,PROD0225,1,2827,82
ITEM01723,ORD00265,PROD0352,4,29142,29
ITEM01724,ORD00414,PROD0337,2,37078,7
ITEM01725,ORD00197,PROD0021,4,1639,22
ITEM01726,ORD00038,PROD0363,3,16877,58
ITEM01727,ORD00543,PROD0366,4,47442,92
ITEM01728,ORD00109,PROD0189,3,54348,97
ITEM01729,ORD00589,PROD0264,4,37933,26
ITEM01730,ORD00563,PROD0409,1,10550,17
ITEM01731,ORD00099,PROD0405,1,39586,47
ITEM01732,ORD00230,PROD0098,5,10936,18
ITEM01733,ORD00548,PROD0475,3,10983,89
ITEM01734,ORD00558,PROD0306,2,14727,18
ITEM01735,ORD00224,PROD0321,2,3432,40
ITEM01736,ORD00611,PROD0085,3,42539,68
ITEM01737,ORD00067,PROD0349,4,13209,84
ITEM01738,ORD00591,PROD0440,3,44179,70
ITEM01739,ORD00259,PROD0428,5,12469,84
ITEM01740,ORD00166,PROD0385,4,19938,25
ITEM01741,ORD00439,PROD0230,2,2097,72
ITEM01742,ORD00116,PROD0132,5,58563,25
ITEM01743,ORD00485,PROD0147,-5,9968,96
ITEM01744,ORD00269,PROD0017,3,43741,79
ITEM01745,ORD00073,PROD0093,2,29600,37
ITEM01746,ORD00616,PROD0372,1,48642,28
ITEM01747,ORD00062,PROD0114,3,35957,74
ITEM01748,ORD00675,PROD0153,2,17395,3
ITEM01749,ORD00077,PROD0202,4,46354,82
ITEM01750,ORD00243,PROD0483,5,9787,40
ITEM01751,ORD00596,PROD0267,1,55371,5
ITEM01752,ORD00623,PROD0235,1,41115,36
ITEM01753,ORD00637,PROD0113,4,58911,11
ITEM01754,ORD00644,PROD0234,2,5660,25
ITEM01755,ORD00189,PROD0124,1,23978,68
ITEM01756,ORD00676,PROD0469,5,18356,69
ITEM01757,ORD00075,PROD0264,4,51148,38
ITEM01758,ORD00316,PROD0117,4,12637,63
ITEM01759,ORD00250,PROD0314,1,37953,10
ITEM01760,ORD00444,PROD0309,2,50039,75
ITEM01761,ORD00184,PROD0092,2,28701,61
ITEM01762,ORD00246,PROD0092,1,10821,22
ITEM01763,ORD00568,PROD0413,1,49019,43
ITEM01764,ORD00041,PROD0274,-3,32043,16
ITEM01765,ORD00124,PROD0378,1,19496,39
ITEM01766,ORD00255,PROD0287,5,6161,99
ITEM01767,ORD00302,PROD0211,2,27968,77
ITEM01768,ORD00027,PROD0055,5,5502,80
ITEM01769,ORD00038,PROD0053,2,57529,22
ITEM01770,ORD00507,PROD0199,4,24911,71
ITEM01771,ORD00448,PROD0313,5,53639,2
ITEM01772,ORD00583,PROD0226,3,53495,66
ITEM01773,ORD00226,PROD0430,1,6736,56
ITEM01774,ORD00313,PROD0361,1,6565,6
ITEM01775,ORD00163,PROD0175,3,3552,34
ITEM01776,ORD00366,PROD0125,5,24839,56
ITEM01777,ORD00007,PROD0005,2,24935,69
ITEM01778,ORD00642,PROD0234,4,56678,98
ITEM01779,ORD00228,PROD0069,3,56767,0
ITEM01780,ORD00575,PROD0345,5,20009,52
ITEM01781,ORD00067,PROD0180,3,24783,51
ITEM01782,ORD00497,PROD0419,3,7277,32
ITEM01783,ORD00015,PROD0430,3,17821,11
ITEM01784,ORD00263,PROD0211,3,57358,54
ITEM01785,ORD00397,PROD0404,2,53726,45
ITEM01786,ORD00044,PROD0295,3,54227,78
ITEM01787,ORD00502,PROD0486,4,34257,15
ITEM01788,ORD00307,PROD0005,4,43233,40
ITEM01789,ORD00639,PROD0365,2,58216,32
ITEM01790,ORD00149,PROD0242,1,47585,96
ITEM01791,ORD00113,PROD0149,5,48731,93
ITEM01792,ORD00495,PROD0084,1,45582,5
ITEM01793,ORD00345,PROD0478,5,33112,6
ITEM01794,ORD00410,PROD0331,1,21600,8
ITEM01795,ORD00393,PROD0402,1,35593,58
ITEM01796,ORD00589,PROD0316,4,2472,98
ITEM01797,ORD00243,PROD0111,2,37695,37
ITEM01798,ORD00451,PROD0347,2,32117,49
ITEM01799,ORD00614,PROD0439,2,17693,56
ITEM01800,ORD00362,PROD0298,-2,30789,16
ITEM01801,ORD00426,PROD0471,3,33390,92
ITEM01802,ORD00618,PROD0426,4,21310,77
ITEM01803,ORD00335,PROD0169,3,2136,11
ITEM01804,ORD00286,PROD0093,5,39870,40
ITEM01805,ORD00626,PROD0444,5,9679,80
ITEM01806,ORD00245,PROD0162,3,1791,27
ITEM01807,ORD00556,PROD0054,4,12460,34
ITEM01808,ORD00528,PROD0385,3,47450,65
ITEM01809,ORD00296,PROD0066,2,23240,1
ITEM01810,ORD00575,PROD0240,5,9725,60
ITEM01811,ORD00213,PROD0400,4,32396,34
ITEM01812,ORD00137,PROD0445,2,7960,77
ITEM01813,ORD00458,PROD0165,1,48246,64
ITEM01814,ORD00292,PROD0197,3,18200,59
ITEM01815,ORD00138,PROD0161,3,59029,82
ITEM01816,ORD00093,PROD0405,4,20805,86
ITEM01817,ORD00263,PROD0277,1,666,51
ITEM01818,ORD00577,PROD0314,3,33663,2
ITEM01819,ORD00340,PROD0465,4,2786,0
ITEM01820,ORD00457,PROD0086,3,50411,45
ITEM01821,ORD00092,PROD0237,-4,50870,18
ITEM01822,ORD00150,PROD0333,2,11937,93
ITEM01823,ORD00290,PROD0470,2,53115,86
ITEM01824,ORD00487,PROD0175,2,1311,3
ITEM01825,ORD00165,PROD0031,3,19171,62
ITEM01826,ORD00368,PROD0351,3,58798,44
ITEM01827,ORD00463,PROD0273,5,439,29
ITEM01828,ORD00535,PROD0032,1,31683,80
ITEM01829,ORD00624,PROD0249,1,38308,87
ITEM01830,ORD00049,PROD0210,1,15118,83
ITEM01831,ORD00571,PROD0422,4,13584,96
ITEM01832,ORD00125,PROD0074,5,56903,82
ITEM01833,ORD00144,PROD0237,-4,49907,24
ITEM01834,ORD00133,PROD0446,2,41870,13
ITEM01835,ORD00186,PROD0369,2,35997,38
ITEM01836,ORD00284,PROD0285,4,59445,93
ITEM01837,ORD00540,PROD0427,3,57938,39
ITEM01838,ORD00214,PROD0349,4,36526,63
ITEM01839,ORD00516,PROD0203,3,24366,31
ITEM01840,ORD00318,PROD0474,3,49698,9
ITEM01841,ORD00261,PROD0384,3,13479,94
ITEM01842,ORD00260,PROD0211,1,20282,92
ITEM01843,ORD00516,PROD0166,4,1466,59
ITEM01844,ORD00182,PROD0215,4,45384,44
ITEM01845,ORD00281,PROD0436,4,40420,90
ITEM01846,ORD00455,PROD0175,3,17601,17
ITEM01847,ORD00380,PROD0420,1,10383,12
ITEM01848,ORD00174,PROD0330,1,10321,7
ITEM01849,ORD00038,PROD0386,1,36260,59
ITEM01850,ORD00255,PROD0130,1,40427,38
ITEM01851,ORD00012,PROD0456,4,12223,21
ITEM01852,ORD00382,PROD0112,1,23717,94
ITEM01853,ORD00390,PROD0318,3,41124,94
ITEM01854,ORD00566,PROD0153,3,9690,34
ITEM01855,ORD00562,PROD0246,3,17437,59
ITEM01856,ORD00563,PROD0338,4,37360,79
ITEM01857,ORD00570,PROD0392,5,57729,30
ITEM01858,ORD00319,PROD0041,4,15996,96
ITEM01859,ORD00300,PROD0453,4,28459,21
ITEM01860,ORD00262,PROD0429,3,25025,92
ITEM01861,ORD00335,PROD0184,3,29508,96
ITEM01862,ORD00524,PROD0195,2,29691,1
ITEM01863,ORD00066,PROD0149,2,16718,49
ITEM01864,ORD00038,PROD0152,3,51771,89
ITEM01865,ORD00354,PROD0248,1,5068,49
ITEM01866,ORD00213,PROD0261,2,25726,6
ITEM01867,ORD00489,PROD0029,5,21790,22
ITEM01868,ORD00646,PROD0414,4,58494,95
ITEM01869,ORD00020,PROD0419,1,3919,83
ITEM01870,ORD00078,PROD0256,5,32232,75
ITEM01871,ORD00442,PROD0271,4,2980,81
ITEM01872,ORD00334,PROD0160,3,42995,8
ITEM01873,ORD00389,PROD0185,1,39515,17
ITEM01874,ORD00124,PROD0484,1,49494,80
ITEM01875,ORD00202,PROD0201,1,18643,76
ITEM01876,ORD00112,PROD0033,3,48992,33
ITEM01877,ORD00060,PROD0001,4,33455,21
ITEM01878,ORD00009,PROD0460,3,45538,18
ITEM01879,ORD00479,PROD0235,1,39036,2
ITEM01880,ORD00256,PROD0248,2,22239,92
ITEM01881,ORD00172,PROD0145,3,9373,38
ITEM01882,ORD00668,PROD0051,4,40488,29
ITEM01883,ORD00547,PROD0483,5,31724,70
ITEM01884,ORD00385,PROD0261,5,47481,42
ITEM01885,ORD00166,PROD0315,1,6920,44
ITEM01886,ORD00532,PROD0262,3,34622,24
ITEM01887,ORD00589,PROD0006,5,15259,43
ITEM01888,ORD00274,PROD0275,4,44545,90
ITEM01889,ORD00440,PROD0307,1,603,61
ITEM01890,ORD00103,PROD0182,2,37987,67
ITEM01891,ORD00316,PROD0328,2,25564,83
ITEM01892,ORD00281,PROD0045,4,22197,89
ITEM01893,ORD00445,PROD0186,2,37887,1
ITEM01894,ORD00096,PROD0188,2,19556,37
ITEM01895,ORD00594,PROD0035,2,27913,2
ITEM01896,ORD00485,PROD0216,1,13361,62
ITEM01897,ORD00202,PROD0385,2,29758,7
ITEM01898,ORD00649,PROD0097,1,49891,99
ITEM01899,ORD00413,PROD0300,4,25172,65
ITEM01900,ORD00365,PROD0015,-4,15258,0
ITEM01901,ORD00652,PROD0439,3,14806,36
ITEM01902,ORD00539,PROD0317,2,42311,76
ITEM01903,ORD00511,PROD0128,1,30535,45
ITEM01904,ORD00569,PROD0136,2,55832,34
ITEM01905,ORD00107,PROD0138,3,21309,51
ITEM01906,ORD00196,PROD0395,3,20590,56
ITEM01907,ORD00610,PROD0340,2,4563,28
ITEM01908,ORD00305,PROD0437,5,15247,81
ITEM01909,ORD00653,PROD0239,2,20286,25
ITEM01910,ORD00688,PROD0188,4,6731,42
ITEM01911,ORD00384,PROD0070,3,48334,85
ITEM01912,ORD00609,PROD0119,2,36789,20
ITEM01913,ORD00355,PROD0143,4,5180,17
ITEM01914,ORD00081,PROD0106,5,18825,41
ITEM01915,ORD00183,PROD0381,4,5297,24
ITEM01916,ORD00148,PROD0270,2,9461,93
ITEM01917,ORD00352,PROD0127,3,38097,2
ITEM01918,ORD00037,PROD0384,3,7522,61
ITEM01919,ORD00202,PROD0321,4,4639,94
ITEM01920,ORD00300,PROD0480,1,32226,1
ITEM01921,ORD00676,PROD0335,2,14859,33
ITEM01922,ORD00018,PROD0467,2,26233,23
ITEM01923,ORD00309,PROD0142,1,21693,54
ITEM01924,ORD00608,PROD0108,5,22244,36
ITEM01925,ORD00003,PROD0214,5,38395,10
ITEM01926,ORD00486,PROD0475,2,50879,67
ITEM01927,ORD00609,PROD0306,2,50261,23
ITEM01928,ORD00108,PROD0080,5,34431,37
ITEM01929,ORD00108,PROD0336,4,10897,90
ITEM01930,ORD00285,PROD0240,3,31999,92
ITEM01931,ORD00085,PROD0010,4,16634,90
ITEM01932,ORD00576,PROD0168,1,57946,62
ITEM01933,ORD00588,PROD0277,5,53656,32
ITEM01934,ORD00069,PROD0457,4,22924,21
ITEM01935,ORD00032,PROD0266,4,39160,58
ITEM01936,ORD00113,PROD0312,4,57288,62
ITEM01937,ORD00152,PROD0219,5,54011,40
ITEM01938,ORD00316,PROD0022,3,56924,100
ITEM01939,ORD00129,PROD0114,4,4307,26
ITEM01940,ORD00606,PROD0379,2,28172,37
ITEM01941,ORD00430,PROD0243,4,7634,21
ITEM01942,ORD00135,PROD0422,5,38142,19
ITEM01943,ORD00565,PROD0064,5,32734,64
ITEM01944,ORD00110,PROD0064,1,17650,66
ITEM01945,ORD00073,PROD0386,2,33815,95
ITEM01946,ORD00176,PROD0011,4,49022,42
ITEM01947,ORD00070,PROD0069,1,25915,0
ITEM01948,ORD00563,PROD0430,2,33919,43
ITEM01949,ORD00693,PROD0066,5,10328,91
ITEM01950,ORD00192,PROD0498,5,54868,36
ITEM01951,ORD00158,PROD0231,2,22996,73
ITEM01952,ORD00471,PROD0169,3,54838,91
ITEM01953,ORD00067,PROD0400,5,33374,23
ITEM01954,ORD00285,PROD0368,5,25161,10
ITEM01955,ORD00244,PROD0471,5,32801,82
ITEM01956,ORD00598,PROD0484,2,39918,59
ITEM01957,ORD00560,PROD0439,3,8188,26
ITEM01958,ORD00482,PROD0307,5,30223,27
ITEM01959,ORD00543,PROD0224,1,23259,6
ITEM01960,ORD00083,PROD0024,3,35537,89
ITEM01961,ORD00018,PROD0319,3,23681,31
ITEM01962,ORD00690,PROD0315,1,28928,21
ITEM01963,ORD00624,PROD0010,2,12470,63
ITEM01964,ORD00479,PROD0216,5,26447,38
ITEM01965,ORD00333,PROD0182,2,54218,48
ITEM01966,ORD00648,PROD0035,3,19430,87
ITEM01967,ORD00451,PROD0341,3,7609,47
ITEM01968,ORD00493,PROD0217,3,58631,94
ITEM01969,ORD00361,PROD0410,2,26986,42
ITEM01970,ORD00522,PROD0063,2,27781,99
ITEM01971,ORD00064,PROD0498,3,26198,85
ITEM01972,ORD00284,PROD0330,2,33395,97
ITEM01973,ORD00664,PROD0333,3,53695,7
ITEM01974,ORD00532,PROD0063,1,16313,60
ITEM01975,ORD00430,PROD0333,4,3210,47
ITEM01976,ORD00269,PROD0016,1,57853,64
ITEM01977,ORD00700,PROD0335,2,8453,42
ITEM01978,ORD00288,PROD0109,4,23756,87
ITEM01979,ORD00293,PROD0310,5,14186,78
ITEM01980,ORD00172,PROD0485,4,46173,55
ITEM01981,ORD00391,PROD0196,5,942,22
ITEM01982,ORD00362,PROD0128,1,6931,83
ITEM01983,ORD00082,PROD0234,5,49307,43
ITEM01984,ORD00062,PROD0096,5,24476,82
ITEM01985,ORD00192,PROD0500,2,33332,42
ITEM01986,ORD00480,PROD0491,5,25547,77
ITEM01987,ORD00468,PROD0427,2,50157,83
ITEM01988,ORD00647,PROD0159,1,46106,47
ITEM01989,ORD00462,PROD0324,3,39488,70
ITEM01990,ORD00091,PROD0465,4,14113,60
ITEM01991,ORD00640,PROD0112,3,35676,95
ITEM01992,ORD00071,PROD0248,3,25399,8
ITEM01993,ORD00270,PROD0362,5,5263,6
ITEM01994,ORD00471,PROD0003,1,2598,77
ITEM01995,ORD00643,PROD0142,4,30778,68
ITEM01996,ORD00323,PROD0157,2,56554,31
ITEM01997,ORD00270,PROD0449,4,15049,55
ITEM01998,ORD00582,PROD0072,4,54980,85
ITEM01999,ORD00033,PROD0231,4,54887,53
ITEM02000,ORD00486,PROD0146,4,37911,73
ITEM02001,ORD00402,PROD0183,3,13302,31
ITEM02002,ORD00498,PROD0242,5,1857,24
ITEM02003,ORD00447,PROD0289,1,8247,52
ITEM02004,ORD00051,PROD0313,3,9006,45
ITEM02005,ORD00627,PROD0295,4,47739,29
ITEM02006,ORD00071,PROD0364,5,44451,72
ITEM02007,ORD00009,PROD0275,5,13027,39
ITEM02008,ORD00460,PROD0413,5,25559,70
ITEM02009,ORD00196,PROD0391,1,43581,90
ITEM02010,ORD00029,PROD0305,4,18857,88
ITEM02011,ORD00296,PROD0409,5,11568,20
ITEM02012,ORD00449,PROD0449,4,5208,3
ITEM02013,ORD00384,PROD0221,5,560,1
ITEM02014,ORD00392,PROD0341,2,13232,66
ITEM02015,ORD00171,PROD0408,2,28327,35
ITEM02016,ORD00206,PROD0371,3,30054,15
ITEM02017,ORD00374,PROD0420,5,39865,2
ITEM02018,ORD00269,PROD0489,2,42939,16
ITEM02019,ORD00539,PROD0217,4,22915,50
ITEM02020,ORD00115,PROD0241,3,32301,64
ITEM02021,ORD00249,PROD0178,4,17109,18
ITEM02022,ORD00365,PROD0244,5,47233,24
ITEM02023,ORD00319,PROD0111,1,7926,39
ITEM02024,ORD00575,PROD0109,4,11788,72
ITEM02025,ORD00156,PROD0056,1,13970,7
ITEM02026,ORD00184,PROD0378,2,15044,100
ITEM02027,ORD00064,PROD0102,1,1436,22
ITEM02028,ORD00274,PROD0342,3,33578,55
ITEM02029,ORD00639,PROD0492,5,17733,3
ITEM02030,ORD00195,PROD0088,5,57170,78
ITEM02031,ORD00650,PROD0472,3,18612,70
ITEM02032,ORD00386,PROD0049,2,19908,28
ITEM02033,ORD00535,PROD0007,2,12020,54
ITEM02034,ORD00133,PROD0006,3,39151,77
ITEM02035,ORD00668,PROD0303,2,47602,64
ITEM02036,ORD00598,PROD0233,5,43623,54
ITEM02037,ORD00445,PROD0029,4,31903,4
ITEM02038,ORD00044,PROD0468,4,42872,58
ITEM02039,ORD00356,PROD0027,3,38157,71
ITEM02040,ORD00259,PROD0339,2,21470,25
ITEM02041,ORD00406,PROD0370,3,44051,90
ITEM02042,ORD00584,PROD0343,1,30313,18
ITEM02043,ORD00554,PROD0004,2,15500,50
ITEM02044,ORD00273,PROD0170,1,39643,94
ITEM02045,ORD00587,PROD0342,4,6902,28
ITEM02046,ORD00679,PROD0231,1,53383,73
ITEM02047,ORD00353,PROD0420,5,21555,45
ITEM02048,ORD00018,PROD0304,4,18987,57
ITEM02049,ORD00072,PROD0069,4,56482,87
ITEM02050,ORD00315,PROD0429,1,12915,54
ITEM02051,ORD00666,PROD0236,5,17394,43
ITEM02052,ORD00536,PROD0083,1,51305,53
ITEM02053,ORD00335,PROD0455,3,17744,97
ITEM02054,ORD00372,PROD0418,2,16124,77
ITEM02055,ORD00645,PROD0480,1,17967,32
ITEM02056,ORD00227,PROD0167,-4,36614,80
ITEM02057,ORD00556,PROD0167,5,2691,8
ITEM02058,ORD00532,PROD0499,2,48877,27
ITEM02059,ORD00178,PROD0025,3,19204,40
ITEM02060,ORD00531,PROD0466,3,16454,84
ITEM02061,ORD00083,PROD0477,4,15603,83
ITEM02062,ORD00045,PROD0187,1,8256,25
ITEM02063,ORD00436,PROD0046,3,37159,12
ITEM02064,ORD00370,PROD0103,4,12285,54
ITEM02065,ORD00181,PROD0488,2,29481,86
ITEM02066,ORD00228,PROD0451,1,19442,80
ITEM02067,ORD00698,PROD0361,3,8161,46
ITEM02068,ORD00619,PROD0298,1,25397,68
ITEM02069,ORD00547,PROD0150,5,24285,19
ITEM02070,ORD00596,PROD0102,3,8913,39
ITEM02071,ORD00414,PROD0450,-1,38507,83
ITEM02072,ORD00602,PROD0245,1,45297,97
ITEM02073,ORD00563,PROD0017,2,34993,83
ITEM02074,ORD00432,PROD0069,5,28208,34
ITEM02075,ORD00089,PROD0263,1,23934,74
ITEM02076,ORD00203,PROD0206,1,46508,89
ITEM02077,ORD00368,PROD0131,2,16600,99
ITEM02078,ORD00011,PROD0342,4,28039,41
ITEM02079,ORD00424,PROD0141,1,53081,41
ITEM02080,ORD00609,PROD0388,5,27883,65
ITEM02081,ORD00510,PROD0319,3,38763,46
ITEM02082,ORD00604,PROD0460,4,32701,10
ITEM02083,ORD00151,PROD0264,2,15480,58
ITEM02084,ORD00669,PROD0379,5,10490,37
ITEM02085,ORD00534,PROD0038,3,44420,57
ITEM02086,ORD00421,PROD0116,4,37484,18
ITEM02087,ORD00582,PROD0197,4,26731,89
ITEM02088,ORD00691,PROD0249,4,13571,81
ITEM02089,ORD00124,PROD0483,2,306,57
ITEM02090,ORD00574,PROD0469,4,11043,67
ITEM02091,ORD00608,PROD0116,2,31482,37
ITEM02092,ORD00653,PROD0116,-1,58275,20
ITEM02093,ORD00082,PROD0278,1,36923,52
ITEM02094,ORD00695,PROD0117,1,23362,45
ITEM02095,ORD00245,PROD0125,5,7652,62
ITEM02096,ORD00214,PROD0272,1,28181,51
ITEM02097,ORD00021,PROD0133,5,7324,27
ITEM02098,ORD00645,PROD0310,3,52134,41
ITEM02099,ORD00409,PROD0372,4,561,81
ITEM02100,ORD00409,PROD0046,2,56179,27
ITEM02101,ORD00586,PROD0260,1,35377,25
ITEM02102,ORD00437,PROD0023,1,20761,52
ITEM02103,ORD00377,PROD0214,2,45154,91
ITEM02104,ORD00384,PROD0257,4,18688,32
ITEM02105,ORD00534,PROD0421,4,3162,77
ITEM02106,ORD00371,PROD0109,2,9918,22
ITEM02107,ORD00664,PROD0168,5,36736,26
ITEM02108,ORD00588,PROD0403,5,40049,1
ITEM02109,ORD00585,PROD0052,1,32162,10
ITEM02110,ORD00461,PROD0468,5,32258,79
ITEM02111,ORD00166,PROD0395,3,57283,67
ITEM02112,ORD00347,PROD0032,4,2270,48
ITEM02113,ORD00392,PROD0039,4,8109,67
ITEM02114,ORD00118,PROD0278,4,59337,51
ITEM02115,ORD00588,PROD0269,5,31432,12
ITEM02116,ORD00052,PROD0378,3,36778,38
ITEM02117,ORD00079,PROD0420,3,30698,76
ITEM02118,ORD00694,PROD0158,4,46905,71
ITEM02119,ORD00616,PROD0440,2,19008,93
ITEM02120,ORD00335,PROD0323,3,11710,51
ITEM02121,ORD00583,PROD0366,3,51464,82
ITEM02122,ORD00375,PROD0197,-3,5370,94
ITEM02123,ORD00338,PROD0428,1,29489,89
ITEM02124,ORD00222,PROD0423,3,36519,51
ITEM02125,ORD00609,PROD0266,2,51378,69
ITEM02126,ORD00679,PROD0380,1,55896,85
ITEM02127,ORD00106,PROD0435,4,33077,19
ITEM02128,ORD00391,PROD0181,3,12302,84
ITEM02129,ORD00648,PROD0271,1,55966,91
ITEM02130,ORD00262,PROD0167,1,49962,59
ITEM02131,ORD00470,PROD0406,4,57766,93
ITEM02132,ORD00240,PROD0172,3,36723,52
ITEM02133,ORD00359,PROD0211,1,48096,48
ITEM02134,ORD00558,PROD0273,3,35375,51
ITEM02135,ORD00310,PROD0208,4,2838,31
ITEM02136,ORD00040,PROD0256,5,4827,68
ITEM02137,ORD00080,PROD0300,1,39342,29
ITEM02138,ORD00465,PROD0430,3,42673,11
ITEM02139,ORD00583,PROD0157,4,11105,95
ITEM02140,ORD00186,PROD0128,4,45769,93
ITEM02141,ORD00563,PROD0442,3,41497,79
ITEM02142,ORD00365,PROD0327,3,14321,24
ITEM02143,ORD00541,PROD0107,4,6082,54
ITEM02144,ORD00657,PROD0417,5,23534,72
ITEM02145,ORD00028,PROD0245,3,24504,32
ITEM02146,ORD00251,PROD0469,3,5029,84
ITEM02147,ORD00275,PROD0433,4,13108,83
ITEM02148,ORD00599,PROD0175,5,56184,39
ITEM02149,ORD00566,PROD0096,2,26291,4
ITEM02150,ORD00246,PROD0341,3,48071,23
ITEM02151,ORD00427,PROD0061,2,18888,14
ITEM02152,ORD00081,PROD0272,1,32169,34
ITEM02153,ORD00231,PROD0021,4,22419,68
ITEM02154,ORD00449,PROD0490,3,7562,70
ITEM02155,ORD00201,PROD0374,2,45003,57
ITEM02156,ORD00476,PROD0002,2,28676,12
ITEM02157,ORD00222,PROD0233,1,26778,85
ITEM02158,ORD00435,PROD0442,3,59838,8
ITEM02159,ORD00484,PROD0104,2,24542,88
ITEM02160,ORD00280,PROD0393,2,13677,21
ITEM02161,ORD00631,PROD0321,1,50534,19
ITEM02162,ORD00147,PROD0096,5,25989,42
ITEM02163,ORD00404,PROD0321,1,23646,93
ITEM02164,ORD00169,PROD0245,1,57754,71
ITEM02165,ORD00474,PROD0255,2,41901,95
ITEM02166,ORD00039,PROD0147,4,57899,53
ITEM02167,ORD00376,PROD0108,1,32500,54
ITEM02168,ORD00145,PROD0030,1,18747,5
ITEM02169,ORD00428,PROD0126,1,10819,96
ITEM02170,ORD00363,PROD0021,4,35062,64
ITEM02171,ORD00642,PROD0052,5,38235,21
ITEM02172,ORD00116,PROD0243,3,28885,98
ITEM02173,ORD00135,PROD0233,5,59412,45
ITEM02174,ORD00267,PROD0401,4,23897,4
ITEM02175,ORD00404,PROD0464,4,51074,6
ITEM02176,ORD00616,PROD0199,5,34719,29
ITEM02177,ORD00499,PROD0050,4,9476,54
ITEM02178,ORD00353,PROD0349,5,20697,13
ITEM02179,ORD00109,PROD0017,4,21018,41
ITEM02180,ORD00393,PROD0168,2,21510,27
ITEM02181,ORD00493,PROD0172,2,36022,49
ITEM02182,ORD00528,PROD0350,2,6891,74
ITEM02183,ORD00474,PROD0413,5,9713,69
ITEM02184,ORD00452,PROD0248,5,29136,2
ITEM02185,ORD00596,PROD0399,2,5762,0
ITEM02186,ORD00012,PROD0378,5,13278,78
ITEM02187,ORD00029,PROD0221,1,54842,40
ITEM02188,ORD00299,PROD0280,4,58299,52
ITEM02189,ORD00048,PROD0184,4,10106,76
ITEM02190,ORD00196,PROD0082,4,34830,40
ITEM02191,ORD00268,PROD0355,4,16465,26
ITEM02192,ORD00597,PROD0471,5,39981,98
ITEM02193,ORD00161,PROD0249,2,52528,24
ITEM02194,ORD00556,PROD0225,3,23280,82
ITEM02195,ORD00154,PROD0229,5,16878,21
ITEM02196,ORD00598,PROD0141,-1,41973,31
ITEM02197,ORD00555,PROD0397,5,38222,76
ITEM02198,ORD00400,PROD0288,3,14522,63
ITEM02199,ORD00185,PROD0112,2,33439,84
ITEM02200,ORD00130,PROD0480,1,6876,94
ITEM02201,ORD00010,PROD0238,3,6664,3
ITEM02202,ORD00043,PROD0367,5,13913,20
ITEM02203,ORD00190,PROD0167,3,32032,84
ITEM02204,ORD00326,PROD0274,1,9282,2
ITEM02205,ORD00066,PROD0031,5,17746,23
ITEM02206,ORD00641,PROD0372,1,30361,88
ITEM02207,ORD00558,PROD0039,3,24559,58
ITEM02208,ORD00155,PROD0205,-4,41586,17
ITEM02209,ORD00428,PROD0496,5,49342,99
ITEM02210,ORD00469,PROD0011,5,21136,43
ITEM02211,ORD00559,PROD0310,3,38279,16
ITEM02212,ORD00536,PROD0351,4,17275,86
ITEM02213,ORD00011,PROD0372,4,36019,63
ITEM02214,ORD00350,PROD0373,2,31755,99
ITEM02215,ORD00615,PROD0420,2,34360,96
ITEM02216,ORD00014,PROD0196,4,41068,77
ITEM02217,ORD00521,PROD0145,2,27731,91
ITEM02218,ORD00196,PROD0493,3,28300,7
ITEM02219,ORD00018,PROD0176,5,41149,98
ITEM02220,ORD00340,PROD0158,2,36544,90
ITEM02221,ORD00020,PROD0183,5,38358,46
ITEM02222,ORD00002,PROD0154,3,43851,66
ITEM02223,ORD00300,PROD0491,5,40376,92
ITEM02224,ORD00248,PROD0320,5,26150,45
ITEM02225,ORD00533,PROD0477,2,23715,61
ITEM02226,ORD00443,PROD0324,3,5103,23
ITEM02227,ORD00643,PROD0269,1,24752,28
ITEM02228,ORD00043,PROD0023,4,44855,75
ITEM02229,ORD00140,PROD0446,5,37448,64
ITEM02230,ORD00133,PROD0283,3,54643,44
ITEM02231,ORD00412,PROD0149,1,7861,21
ITEM02232,ORD00483,PROD0241,3,25441,56
ITEM02233,ORD00227,PROD0401,1,36873,23
ITEM02234,ORD00465,PROD0325,2,56124,48
ITEM02235,ORD00647,PROD0103,2,995,92
ITEM02236,ORD00675,PROD0299,2,11119,56
ITEM02237,ORD00257,PROD0244,5,8033,57
ITEM02238,ORD00087,PROD0478,5,7351,96
ITEM02239,ORD00557,PROD0453,4,26989,93
ITEM02240,ORD00220,PROD0096,2,22418,6
ITEM02241,ORD00596,PROD0346,5,15185,44
ITEM02242,ORD00295,PROD0218,1,46683,7
ITEM02243,ORD00353,PROD0148,-3,43923,91
ITEM02244,ORD00136,PROD0217,4,41382,64
ITEM02245,ORD00641,PROD0204,3,39065,13
ITEM02246,ORD00032,PROD0258,4,18493,78
ITEM02247,ORD00324,PROD0365,1,19533,69
ITEM02248,ORD00060,PROD0174,5,18300,74
ITEM02249,ORD00425,PROD0094,3,22016,21
ITEM02250,ORD00331,PROD0013,2,32725,50
ITEM02251,ORD00291,PROD0476,4,54445,21
ITEM02252,ORD00670,PROD0393,-3,36093,18
ITEM02253,ORD00007,PROD0497,2,42407,2
ITEM02254,ORD00642,PROD0020,3,15998,44
ITEM02255,ORD00046,PROD0278,3,58177,76
ITEM02256,ORD00152,PROD0364,1,45701,22
ITEM02257,ORD00399,PROD0161,1,30895,50
ITEM02258,ORD00245,PROD0268,4,16978,68
ITEM02259,ORD00245,PROD0335,3,44622,20
ITEM02260,ORD00398,PROD0258,3,210,85
ITEM02261,ORD00101,PROD0165,5,632,88
ITEM02262,ORD00541,PROD0493,1,50288,40
ITEM02263,ORD00275,PROD0255,5,43660,3
ITEM02264,ORD00281,PROD0293,5,19364,80
ITEM02265,ORD00329,PROD0445,3,3641,81
ITEM02266,ORD00503,PROD0087,4,12039,8
ITEM02267,ORD00091,PROD0252,4,24585,48
ITEM02268,ORD00245,PROD0204,1,12475,97
ITEM02269,ORD00652,PROD0022,2,30472,55
ITEM02270,ORD00092,PROD0408,3,25549,60
ITEM02271,ORD00377,PROD0127,5,54343,27
ITEM02272,ORD00036,PROD0002,5,24688,100
ITEM02273,ORD00085,PROD0418,2,42181,18
ITEM02274,ORD00097,PROD0098,5,35269,13
ITEM02275,ORD00185,PROD0051,3,24458,84
ITEM02276,ORD00245,PROD0256,1,7419,92
ITEM02277,ORD00528,PROD0323,5,30214,1
ITEM02278,ORD00398,PROD0377,3,26013,15
ITEM02279,ORD00311,PROD0056,5,59469,61
ITEM02280,ORD00315,PROD0168,5,44608,100
ITEM02281,ORD00216,PROD0255,4,10841,70
ITEM02282,ORD00455,PROD0262,4,48194,76
ITEM02283,ORD00289,PROD0416,1,21315,44
ITEM02284,ORD00071,PROD0266,4,59933,36
ITEM02285,ORD00124,PROD0373,4,17198,35
ITEM02286,ORD00237,PROD0309,3,21374,96
ITEM02287,ORD00028,PROD0115,3,35047,47
ITEM02288,ORD00408,PROD0083,5,35838,37
ITEM02289,ORD00646,PROD0099,1,14126,52
ITEM02290,ORD00648,PROD0413,4,11369,89
ITEM02291,ORD00367,PROD0372,1,27080,37
ITEM02292,ORD00155,PROD0073,4,37854,31
ITEM02293,ORD00103,PROD0013,5,45057,93
ITEM02294,ORD00294,PROD0333,4,26560,9
ITEM02295,ORD00129,PROD0164,1,59419,13
ITEM02296,ORD00414,PROD0070,4,15075,88
ITEM02297,ORD00020,PROD0410,5,26587,13
ITEM02298,ORD00047,PROD0080,1,32147,66
ITEM02299,ORD00032,PROD0357,-1,32414,88
ITEM02300,ORD00323,PROD0484,4,2323,85
ITEM02301,ORD00495,PROD0492,5,26280,15
ITEM02302,ORD00018,PROD0182,1,17995,64
ITEM02303,ORD00441,PROD0185,2,15284,87
ITEM02304,ORD00008,PROD0278,1,1111,44
ITEM02305,ORD00452,PROD0488,4,57460,74
ITEM02306,ORD00632,PROD0327,4,53894,93
ITEM02307,ORD00297,PROD0174,1,36021,24
ITEM02308,ORD00053,PROD0450,5,26889,33
ITEM02309,ORD00659,PROD0014,2,18014,66
ITEM02310,ORD00417,PROD0432,2,49051,28
ITEM02311,ORD00552,PROD0017,4,32846,56
ITEM02312,ORD00523,PROD0363,3,47799,14
ITEM02313,ORD00328,PROD0434,5,28669,88
ITEM02314,ORD00298,PROD0019,4,16877,35
ITEM02315,ORD00266,PROD0316,4,12853,93
ITEM02316,ORD00065,PROD0019,3,14094,83
ITEM02317,ORD00500,PROD0249,4,48916,8
ITEM02318,ORD00583,PROD0033,3,3972,35
ITEM02319,ORD00618,PROD0428,5,31906,79
ITEM02320,ORD00478,PROD0178,2,13419,95
ITEM02321,ORD00461,PROD0290,3,22146,52
ITEM02322,ORD00465,PROD0120,4,9315,2
ITEM02323,ORD00431,PROD0200,2,34870,46
ITEM02324,ORD00656,PROD0081,1,28037,96
ITEM02325,ORD00655,PROD0321,2,25350,70
ITEM02326,ORD00488,PROD0071,5,46043,46
ITEM02327,ORD00010,PROD0226,4,49115,84
ITEM02328,ORD00134,PROD0001,2,59135,35
ITEM02329,ORD00563,PROD0003,5,50634,66
ITEM02330,ORD00144,PROD0427,2,22637,48
ITEM02331,ORD00650,PROD0120,2,27250,57
ITEM02332,ORD00627,PROD0306,4,36205,9
ITEM02333,ORD00611,PROD0189,3,6957,6
ITEM02334,ORD00373,PROD0141,4,14606,47
ITEM02335,ORD00409,PROD0127,5,18916,97
ITEM02336,ORD00487,PROD0484,4,58850,49
ITEM02337,ORD00369,PROD0354,2,55978,1
ITEM02338,ORD00497,PROD0325,3,11385,24
ITEM02339,ORD00379,PROD0473,5,33411,78
ITEM02340,ORD00437,PROD0209,5,46059,62
ITEM02341,ORD00638,PROD0061,2,28760,54
ITEM02342,ORD00185,PROD0120,2,30612,40
ITEM02343,ORD00164,PROD0290,1,51675,28
ITEM02344,ORD00273,PROD0156,1,31391,1
ITEM02345,ORD00217,PROD0399,1,17491,68
ITEM02346,ORD00628,PROD0385,5,24022,20
ITEM02347,ORD00264,PROD0225,4,34445,13
ITEM02348,ORD00567,PROD0280,2,54862,55
ITEM02349,ORD00223,PROD0003,1,19327,44
ITEM02350,ORD00284,PROD0105,2,51466,87
ITEM02351,ORD00517,PROD0459,5,3540,40
ITEM02352,ORD00367,PROD0081,1,39900,82
ITEM02353,ORD00474,PROD0236,2,56358,35
ITEM02354,ORD00095,PROD0051,3,56418,87
ITEM02355,ORD00169,PROD0324,3,7345,65
ITEM02356,ORD00188,PROD0498,3,57484,12
ITEM02357,ORD00015,PROD0212,2,18879,82
ITEM02358,ORD00458,PROD0003,1,30819,67
ITEM02359,ORD00651,PROD0067,3,1215,8
ITEM02360,ORD00483,PROD0421,4,49752,59
ITEM02361,ORD00366,PROD0422,4,46271,67
ITEM02362,ORD00640,PROD0356,2,7469,73
ITEM02363,ORD00281,PROD0205,2,14310,100
ITEM02364,ORD00601,PROD0271,5,14607,77
ITEM02365,ORD00086,PROD0093,3,55847,79
ITEM02366,ORD00100,PROD0170,4,560,14
ITEM02367,ORD00010,PROD0161,5,49864,94
ITEM02368,ORD00565,PROD0493,2,31231,63
ITEM02369,ORD00260,PROD0249,5,9146,37
ITEM02370,ORD00013,PROD0470,5,31365,84
ITEM02371,ORD00053,PROD0333,3,51920,90
ITEM02372,ORD00388,PROD0276,1,44272,26
ITEM02373,ORD00357,PROD0086,2,18023,47
ITEM02374,ORD00334,PROD0450,3,28919,6
ITEM02375,ORD00020,PROD0080,1,46795,74
ITEM02376,ORD00121,PROD0078,2,31324,81
ITEM02377,ORD00114,PROD0402,4,3983,16
ITEM02378,ORD00452,PROD0415,4,54730,28
ITEM02379,ORD00249,PROD0457,2,53015,70
ITEM02380,ORD00332,PROD0350,4,12158,16
ITEM02381,ORD00203,PROD0080,-2,25494,56
ITEM02382,ORD00411,PROD0116,5,55843,22
ITEM02383,ORD00156,PROD0372,5,12896,2
ITEM02384,ORD00240,PROD0496,2,15401,21
ITEM02385,ORD00638,PROD0289,3,1706,32
ITEM02386,ORD00676,PROD0168,4,22488,29
ITEM02387,ORD00298,PROD0018,3,44886,83
ITEM02388,ORD00634,PROD0092,2,25553,42
ITEM02389,ORD00371,PROD0162,5,33238,80
ITEM02390,ORD00606,PROD0352,2,17098,96
ITEM02391,ORD00049,PROD0058,5,47748,83
ITEM02392,ORD00411,PROD0133,1,56384,76
ITEM02393,ORD00666,PROD0023,2,49426,43
ITEM02394,ORD00125,PROD0327,4,6008,43
ITEM02395,ORD00093,PROD0241,3,16929,33
ITEM02396,ORD00505,PROD0464,5,51120,14
ITEM02397,ORD00527,PROD0458,3,45131,97
ITEM02398,ORD00571,PROD0177,5,45706,69
ITEM02399,ORD00628,PROD0322,1,45456,60
ITEM02400,ORD00342,PROD0389,4,47751,74
ITEM02401,ORD00164,PROD0043,-3,19753,20
ITEM02402,ORD00225,PROD0123,5,55418,95
ITEM02403,ORD00278,PROD0306,1,12231,49
ITEM02404,ORD00078,PROD0386,4,281,31
ITEM02405,ORD00366,PROD0436,5,35674,78
ITEM02406,ORD00566,PROD0310,4,44112,21
ITEM02407,ORD00315,PROD0052,4,15814,37
ITEM02408,ORD00321,PROD0409,5,46268,56
ITEM02409,ORD00019,PROD0063,3,56704,33
ITEM02410,ORD00407,PROD0166,4,58727,49
ITEM02411,ORD00545,PROD0121,1,32173,1
ITEM02412,ORD00063,PROD0291,1,36501,30
ITEM02413,ORD00166,PROD0376,2,17513,90
ITEM02414,ORD00049,PROD0128,2,42405,50
ITEM02415,ORD00029,PROD0043,3,52071,59
ITEM02416,ORD00172,PROD0257,2,17954,18
ITEM02417,ORD00244,PROD0405,3,25322,77
ITEM02418,ORD00508,PROD0463,1,6488,64
ITEM02419,ORD00370,PROD0021,3,12286,76
ITEM02420,ORD00282,PROD0329,5,58125,17
ITEM02421,ORD00162,PROD0117,3,53876,68
ITEM02422,ORD00626,PROD0212,3,23652,41
ITEM02423,ORD00563,PROD0320,2,43002,42
ITEM02424,ORD00120,PROD0072,5,28981,37
ITEM02425,ORD00039,PROD0063,5,30391,100
ITEM02426,ORD00394,PROD0226,4,41177,75
ITEM02427,ORD00150,PROD0069,1,10168,100
ITEM02428,ORD00426,PROD0443,2,37303,85
ITEM02429,ORD00158,PROD0144,4,40258,92
ITEM02430,ORD00664,PROD0478,4,31410,90
ITEM02431,ORD00676,PROD0293,4,48534,49
ITEM02432,ORD00239,PROD0327,4,14711,65
ITEM02433,ORD00058,PROD0147,4,27473,28
ITEM02434,ORD00647,PROD0355,2,36300,10
ITEM02435,ORD00051,PROD0191,4,5555,96
ITEM02436,ORD00473,PROD0426,2,16329,48
ITEM02437,ORD00121,PROD0239,5,34164,17
ITEM02438,ORD00269,PROD0356,2,58849,45
ITEM02439,ORD00485,PROD0469,4,28552,61
ITEM02440,ORD00431,PROD0035,2,54226,44
ITEM02441,ORD00643,PROD0218,2,10762,2
ITEM02442,ORD00400,PROD0351,1,57247,12
ITEM02443,ORD00007,PROD0384,5,18774,33
ITEM02444,ORD00552,PROD0133,3,44102,62
ITEM02445,ORD00454,PROD0407,3,6307,63
ITEM02446,ORD00406,PROD0027,1,10546,7
ITEM02447,ORD00137,PROD0437,3,24906,21
ITEM02448,ORD00612,PROD0261,2,11100,72
ITEM02449,ORD00398,PROD0260,5,28246,91
ITEM02450,ORD00558,PROD0334,4,44804,67
ITEM02451,ORD00405,PROD0206,2,46174,92
ITEM02452,ORD00167,PROD0120,5,4920,45
ITEM02453,ORD00491,PROD0184,2,16606,66
ITEM02454,ORD00583,PROD0430,5,41565,11
ITEM02455,ORD00604,PROD0050,5,13967,74
ITEM02456,ORD00521,PROD0217,-5,45680,12
ITEM02457,ORD00182,PROD0019,2,44140,86
ITEM02458,ORD00246,PROD0412,1,1048,61
ITEM02459,ORD00563,PROD0045,1,18972,79
ITEM02460,ORD00388,PROD0005,-4,58816,46
ITEM02461,ORD00574,PROD0213,4,54818,85
ITEM02462,ORD00540,PROD0453,3,58167,35
ITEM02463,ORD00127,PROD0103,5,23624,88
ITEM02464,ORD00126,PROD0494,5,6783,33
ITEM02465,ORD00199,PROD0243,5,50232,39
ITEM02466,ORD00140,PROD0134,5,30969,83
ITEM02467,ORD00689,PROD0081,5,58924,97
ITEM02468,ORD00009,PROD0358,5,13191,65
ITEM02469,ORD00013,PROD0405,-3,37647,54
ITEM02470,ORD00479,PROD0141,5,42754,48
ITEM02471,ORD00305,PROD0044,3,58261,61
ITEM02472,ORD00470,PROD0383,2,45884,76
ITEM02473,ORD00468,PROD0127,4,24011,5
ITEM02474,ORD00183,PROD0184,3,58440,24
ITEM02475,ORD00143,PROD0269,-3,59371,39
ITEM02476,ORD00240,PROD0144,5,30047,13
ITEM02477,ORD00514,PROD0287,5,43815,30
ITEM02478,ORD00475,PROD0413,5,33441,54
ITEM02479,ORD00297,PROD0241,1,28914,18
ITEM02480,ORD00354,PROD0238,2,27877,19
ITEM02481,ORD00580,PROD0365,2,43944,54
ITEM02482,ORD00111,PROD0146,5,45067,33
ITEM02483,ORD00405,PROD0005,3,8332,16
ITEM02484,ORD00673,PROD0272,3,39802,50
ITEM02485,ORD00292,PROD0235,1,12480,23
ITEM02486,ORD00483,PROD0088,2,50515,75
ITEM02487,ORD00516,PROD0083,1,18199,77
ITEM02488,ORD00173,PROD0086,-2,55877,86
ITEM02489,ORD00334,PROD0166,5,8876,36
ITEM02490,ORD00019,PROD0461,3,24834,28
ITEM02491,ORD00667,PROD0212,5,18972,99
ITEM02492,ORD00085,PROD0450,2,13392,59
ITEM02493,ORD00480,PROD0048,1,29650,8
ITEM02494,ORD00232,PROD0064,1,2499,49
ITEM02495,ORD00097,PROD0274,2,377,63
ITEM02496,ORD00281,PROD0400,2,38575,67
ITEM02497,ORD00165,PROD0477,3,9158,75
ITEM02498,ORD00549,PROD0005,3,32405,31
ITEM02499,ORD00491,PROD0299,2,26732,80
ITEM02500,ORD00296,PROD0285,2,28570,10
