order_id,customer_id,order_date,status,region_code
ORD00001,CUST0068,2024-10-23 00:00:00.000000,CANCELLED,SOUTH
ORD00002,CUST0133,2026-01-05 17:46:14.554212,DELIVERED,SOUTH
ORD00003,CUST0139,2025-08-06 15:56:26.313106,CANCELLED,WEST
ORD00004,CUST0118,2026-02-22 11:36:51.129426,SHIPPED,NORTH
ORD00005,CUST0227,2025-03-15 14:56:14.793685,CANCELLED,WEST
ORD00006,CUST0029,2024-11-23 23:51:38.921964,RETURNED,EAST
ORD00007,CUST0005,2026-01-31 11:41:34.622567,PLACED,EAST
ORD00008,CUST0423,2024-11-08 14:02:01.555537,RETURNED,EAST
ORD00009,CUST0010,2024-08-25 08:42:15.398874,PLACED,SOUTH
ORD00010,CUST0081,2025-11-02 10:50:10.406265,CANCELLED,SOUTH
ORD00011,CUST0482,2024-11-17 21:03:57.334258,CANCELLED,SOUTH
ORD00012,CUST0371,2026-02-09 16:21:23.232588,DELIVERED,WEST
ORD00013,CUST0111,2024-09-05 16:57:23.194575,SHIPPED,WEST
ORD00014,CUST0223,2024-12-20 11:43:41.903195,PLACED,SOUTH
ORD00015,CUST0250,2024-08-11 07:09:06.507287,DELIVERED,NORTH
ORD00016,CUST0385,2026-04-08 04:56:38.021278,PLACED,SOUTH
ORD00017,CUST0322,2025-11-07 04:24:46.942465,PLACED,EAST
ORD00018,CUST0234,2025-11-26 19:05:38.572974,SHIPPED,EAST
ORD00019,CUST0423,2025-09-11 15:11:48.103734,PLACED,EAST
ORD00020,CUST0105,2024-12-31 08:23:48.266356,DELIVERED,EAST
ORD00021,CUST0012,2026-12-06 00:00:00.000000,RETURNED,SOUTH
ORD00022,CUST0183,2025-09-16 06:04:18.423955,SHIPPED,EAST
ORD00023,CUST0428,2026-05-17 14:37:50.198174,SHIPPED,WEST
ORD00024,CUST0404,2025-04-12 02:25:34.213780,RETURNED,NORTH
ORD00025,CUST0283,2024-09-15 04:10:33.727265,SHIPPED,NORTH
ORD00026,CUST0129,2024-12-05 01:27:04.800958,SHIPPED,NORTH
ORD00027,CUST0204,2024-09-01 04:30:54.020404,PLACED,EAST
ORD00028,CUST0488,2025-05-19 16:42:14.234813,CANCELLED,EAST
ORD00029,CUST0460,2025-01-23 22:29:41.946932,RETURNED,WEST
ORD00030,CUST0093,2025-09-04 08:45:28.392807,DELIVERED,SOUTH
ORD00031,CUST0338,2026-03-27 09:10:38.686558,CANCELLED,NORTH
ORD00032,CUST0268,2025-04-13 00:00:00.000000,CANCELLED,EAST
ORD00033,CUST0305,2024-09-20 08:02:52.631135,PLACED,NORTH
ORD00034,CUST0498,2026-03-21 05:02:42.816296,SHIPPED,EAST
ORD00035,CUST0334,2025-01-04 23:30:10.018737,SHIPPED,SOUTH
ORD00036,CUST0417,2025-07-11 02:34:38.512083,SHIPPED,WEST
ORD00037,CUST0400,2025-04-20 08:17:41.395072,RETURNED,WEST
ORD00038,CUST0015,2024-09-16 03:04:35.566980,DELIVERED,WEST
ORD00039,CUST0425,2026-03-26 00:00:00.000000,PLACED,EAST
ORD00040,CUST0382,2026-05-02 22:44:04.982457,CANCELLED,NORTH
ORD00041,CUST0324,2025-10-18 13:24:25.796309,SHIPPED,SOUTH
ORD00042,CUST0179,2024-11-27 17:04:48.307011,CANCELLED,WEST
ORD00043,CUST0408,2025-01-25 21:08:41.761390,DELIVERED,SOUTH
ORD00044,CUST0313,2025-01-13 04:04:07.137926,DELIVERED,EAST
ORD00045,CUST0217,2026-02-19 23:22:30.164037,PLACED,SOUTH
ORD00046,CUST0077,2025-01-03 22:47:28.396197,CANCELLED,NORTH
ORD00047,CUST0266,2026-05-24 19:35:25.560400,CANCELLED,WEST
ORD00048,CUST0179,2025-07-27 04:43:14.604704,CANCELLED,WEST
ORD00049,UNKNOWN,2024-11-01 18:24:16.088655,CANCELLED,NORTH
ORD00050,CUST0426,2025-05-06 13:52:34.635190,PLACED,SOUTH
ORD00051,CUST0198,2025-01-21 06:11:12.214161,CANCELLED,NORTH
ORD00052,CUST0408,2024-11-20 03:04:52.588307,RETURNED,EAST
ORD00053,CUST0132,2026-05-16 07:38:08.303828,RETURNED,NORTH
ORD00054,CUST0483,2026-01-12 21:38:48.512861,PLACED,WEST
ORD00055,UNKNOWN,2026-06-17 19:18:26.494225,SHIPPED,SOUTH
ORD00056,CUST0290,2026-01-02 23:24:41.789988,DELIVERED,WEST
ORD00057,CUST0354,2025-07-17 18:20:23.827543,DELIVERED,EAST
ORD00058,CUST0204,2026-03-04 00:00:00.000000,PLACED,WEST
ORD00059,CUST0380,2024-07-14 12:52:26.098276,RETURNED,EAST
ORD00060,CUST0294,2024-11-01 11:37:18.273881,SHIPPED,SOUTH
ORD00061,CUST0334,2025-12-06 10:56:56.089473,PLACED,SOUTH
ORD00062,CUST0449,2025-11-21 21:29:46.419415,DELIVERED,WEST
ORD00063,CUST0011,2025-01-13 19:58:48.067599,RETURNED,NORTH
ORD00064,CUST0426,2026-01-30 02:52:42.212136,SHIPPED,EAST
ORD00065,CUST0109,2025-06-18 23:30:48.323865,RETURNED,EAST
ORD00066,CUST0227,2024-10-09 16:43:13.950310,PLACED,WEST
ORD00067,CUST0175,2024-11-01 12:15:17.074775,PLACED,NORTH
ORD00068,CUST0173,2025-12-20 07:31:12.615402,CANCELLED,SOUTH
ORD00069,CUST0045,2025-09-26 14:30:53.715959,DELIVERED,NORTH
ORD00070,CUST0061,2025-07-15 16:49:26.888206,SHIPPED,WEST
ORD00071,CUST0106,2025-11-17 03:57:02.856440,PLACED,WEST
ORD00072,CUST0495,2025-05-05 00:00:00.000000,RETURNED,EAST
ORD00073,CUST0379,2025-05-02 19:15:54.236857,DELIVERED,EAST
ORD00074,CUST0157,2026-06-24 05:36:31.560223,SHIPPED,WEST
ORD00075,CUST0159,2025-07-15 06:44:43.479704,CANCELLED,SOUTH
ORD00076,CUST0304,2026-04-22 00:34:36.796943,DELIVERED,EAST
ORD00077,CUST0225,2026-03-07 05:08:16.715437,CANCELLED,NORTH
ORD00078,CUST0480,2026-03-03 18:34:22.356604,DELIVERED,NORTH
ORD00079,CUST0252,2026-01-25 17:08:49.416363,SHIPPED,NORTH
ORD00080,CUST0408,2024-11-03 00:12:12.168294,DELIVERED,WEST
ORD00081,CUST0403,2024-10-31 18:21:51.230078,PLACED,WEST
ORD00082,CUST0076,2026-04-12 16:43:29.704612,SHIPPED,EAST
ORD00083,CUST0188,2024-10-18 10:15:10.442127,DELIVERED,EAST
ORD00084,CUST0278,2026-01-29 22:41:10.273797,SHIPPED,WEST
ORD00085,CUST0079,2024-09-08 13:24:46.428264,RETURNED,EAST
ORD00086,CUST0192,2024-09-29 02:53:29.390802,PLACED,NORTH
ORD00087,CUST0126,2024-08-03 22:01:07.110904,DELIVERED,EAST
ORD00088,CUST0153,2025-01-22 21:23:15.395805,CANCELLED,NORTH
ORD00089,CUST0337,2025-07-22 11:27:12.542514,CANCELLED,NORTH
ORD00090,CUST0253,2026-05-19 23:42:53.430146,PLACED,NORTH
ORD00091,CUST0249,2025-09-06 01:32:14.917105,SHIPPED,NORTH
ORD00092,CUST0259,2026-05-03 09:03:36.176040,RETURNED,NORTH
ORD00093,CUST0403,2025-07-22 10:25:19.600570,DELIVERED,WEST
ORD00094,CUST0278,2024-12-15 18:44:03.141799,PLACED,EAST
ORD00095,CUST0141,2025-02-27 13:30:54.432304,SHIPPED,NORTH
ORD00096,CUST0030,2025-03-23 19:58:14.656572,SHIPPED,SOUTH
ORD00097,CUST0189,2024-07-20 03:03:53.409481,PLACED,SOUTH
ORD00098,CUST0226,2025-04-10 16:07:33.063918,DELIVERED,WEST
ORD00099,CUST0413,2025-12-11 00:00:00.000000,RETURNED,SOUTH
ORD00100,CUST0337,2024-12-29 13:59:02.924370,PLACED,NORTH
ORD00101,CUST0399,2025-03-20 13:43:09.252604,SHIPPED,WEST
ORD00102,CUST0201,2025-05-25 23:32:24.055802,DELIVERED,EAST
ORD00103,CUST0314,2026-06-05 21:22:52.911050,DELIVERED,WEST
ORD00104,CUST0209,2025-11-23 10:42:09.130359,PLACED,WEST
ORD00105,CUST0036,2024-11-10 05:01:30.927932,DELIVERED,SOUTH
ORD00106,CUST0377,2025-06-20 05:02:53.967881,RETURNED,EAST
ORD00107,CUST0028,2024-11-24 08:20:59.200886,CANCELLED,EAST
ORD00108,CUST0332,2025-06-18 21:52:36.742232,PLACED,NORTH
ORD00109,CUST0042,2024-07-23 06:52:12.869741,DELIVERED,NORTH
ORD00110,CUST0138,2024-08-09 14:45:48.788105,SHIPPED,SOUTH
ORD00111,CUST0277,2024-12-09 16:45:30.616021,PLACED,WEST
ORD00112,CUST0475,2026-05-03 22:28:53.380291,RETURNED,NORTH
ORD00113,CUST0060,2025-03-20 19:01:32.515230,CANCELLED,WEST
ORD00114,CUST0320,2025-07-22 01:56:55.105931,CANCELLED,NORTH
ORD00115,UNKNOWN,2024-10-20 08:40:00.481671,DELIVERED,NORTH
ORD00116,CUST0436,2025-07-02 17:32:46.452303,SHIPPED,EAST
ORD00117,CUST0136,2026-01-21 02:31:00.165865,CANCELLED,SOUTH
ORD00118,CUST0191,2024-10-29 22:41:05.146925,RETURNED,SOUTH
ORD00119,CUST0447,2025-06-10 01:11:01.006004,RETURNED,WEST
ORD00120,CUST0139,2024-11-21 07:51:54.314133,SHIPPED,WEST
ORD00121,CUST0480,2025-12-05 21:38:57.135623,RETURNED,SOUTH
ORD00122,CUST0470,2024-12-12 13:40:34.487314,RETURNED,EAST
ORD00123,CUST0342,2025-08-27 10:09:50.454922,CANCELLED,WEST
ORD00124,CUST0236,2025-01-28 02:05:22.912483,PLACED,EAST
ORD00125,CUST0137,2025-08-01 11:33:36.855994,SHIPPED,WEST
ORD00126,UNKNOWN,2025-04-09 15:21:16.980440,PLACED,SOUTH
ORD00127,CUST0207,2025-07-03 11:36:33.965012,SHIPPED,EAST
ORD00128,CUST0331,2025-08-22 18:26:22.225465,DELIVERED,SOUTH
ORD00129,CUST0469,2024-07-27 01:04:18.527486,CANCELLED,EAST
ORD00130,CUST0266,2025-10-25 03:06:18.749766,PLACED,WEST
ORD00131,CUST0262,2026-06-17 09:40:05.462689,RETURNED,WEST
ORD00132,CUST0384,2024-12-17 00:44:14.768694,CANCELLED,SOUTH
ORD00133,CUST0168,2025-11-27 20:54:16.677682,CANCELLED,EAST
ORD00134,CUST0447,2024-10-12 12:28:33.170557,RETURNED,WEST
ORD00135,CUST0096,2025-07-27 00:00:00.000000,DELIVERED,NORTH
ORD00136,CUST0209,2024-09-11 03:41:48.148033,DELIVERED,EAST
ORD00137,CUST0047,2025-08-11 00:00:00.000000,RETURNED,NORTH
ORD00138,CUST0327,2025-12-22 00:33:26.262057,RETURNED,NORTH
ORD00139,CUST0021,2024-11-24 03:38:09.961746,PLACED,NORTH
ORD00140,CUST0306,2025-02-20 03:41:48.628668,SHIPPED,SOUTH
ORD00141,CUST0494,2025-09-03 21:42:06.716901,PLACED,EAST
ORD00142,CUST0252,2024-11-01 00:27:01.097761,CANCELLED,WEST
ORD00143,CUST0256,2025-01-18 19:29:37.230306,CANCELLED,WEST
ORD00144,CUST0421,2025-06-20 17:11:07.490051,CANCELLED,SOUTH
ORD00145,CUST0060,2026-06-18 18:32:59.237827,DELIVERED,SOUTH
ORD00146,CUST0428,2026-07-09 16:20:43.895022,DELIVERED,EAST
ORD00147,CUST0416,2025-04-11 19:07:53.159400,SHIPPED,SOUTH
ORD00148,CUST0320,2024-07-14 09:10:56.981925,RETURNED,EAST
ORD00149,CUST0038,2026-04-08 03:20:57.119084,PLACED,NORTH
ORD00150,UNKNOWN,2025-09-18 23:58:59.914237,SHIPPED,NORTH
ORD00151,CUST0029,2026-04-22 10:23:11.504498,SHIPPED,SOUTH
ORD00152,CUST0364,2024-10-02 13:09:13.421588,SHIPPED,EAST
ORD00153,CUST0480,2025-05-07 14:25:34.443655,SHIPPED,WEST
ORD00154,CUST0466,2025-08-17 03:46:20.247701,SHIPPED,WEST
ORD00155,CUST0339,2024-12-28 08:22:17.012906,SHIPPED,NORTH
ORD00156,CUST0075,2025-04-25 05:51:19.961275,CANCELLED,SOUTH
ORD00157,CUST0311,2025-10-11 22:12:55.434449,SHIPPED,NORTH
ORD00158,CUST0372,2025-10-07 12:44:50.427731,SHIPPED,SOUTH
ORD00159,CUST0497,2026-01-28 13:39:52.582944,CANCELLED,EAST
ORD00160,CUST0455,2025-01-31 14:10:53.853382,SHIPPED,SOUTH
ORD00161,CUST0059,2026-06-10 21:04:23.970108,RETURNED,SOUTH
ORD00162,CUST0484,2025-05-28 09:38:23.573977,RETURNED,EAST
ORD00163,CUST0188,2026-06-17 15:25:46.470517,RETURNED,SOUTH
ORD00164,CUST0256,2026-01-21 13:59:13.910974,RETURNED,WEST
ORD00165,CUST0353,2025-04-24 22:28:43.380412,DELIVERED,NORTH
ORD00166,CUST0113,2026-02-11 07:33:58.734557,PLACED,WEST
ORD00167,CUST0135,2025-02-23 17:39:43.962276,DELIVERED,NORTH
ORD00168,CUST0102,2026-04-03 14:12:54.443950,RETURNED,SOUTH
ORD00169,CUST0369,2026-01-11 03:07:43.964873,DELIVERED,WEST
ORD00170,CUST0284,2026-02-03 18:09:40.233122,RETURNED,EAST
ORD00171,CUST0089,2026-01-12 11:24:30.271829,DELIVERED,NORTH
ORD00172,CUST0207,2025-04-14 09:58:39.250334,SHIPPED,NORTH
ORD00173,CUST0398,2025-06-25 11:30:20.042406,DELIVERED,WEST
ORD00174,CUST0267,2024-07-26 21:08:50.759043,RETURNED,WEST
ORD00175,CUST0115,2026-06-20 03:05:36.140952,SHIPPED,EAST
ORD00176,CUST0198,2026-07-02 00:00:00.000000,DELIVERED,WEST
ORD00177,CUST0471,2024-11-05 07:32:33.726416,SHIPPED,SOUTH
ORD00178,CUST0140,2025-02-03 12:51:43.985124,SHIPPED,SOUTH
ORD00179,CUST0150,2024-10-01 01:52:01.238898,CANCELLED,WEST
ORD00180,UNKNOWN,2025-02-21 10:58:51.969745,DELIVERED,WEST
ORD00181,CUST0202,2024-07-14 10:53:11.502323,DELIVERED,NORTH
ORD00182,CUST0110,2024-09-30 01:16:22.964631,PLACED,NORTH
ORD00183,CUST0491,2024-07-16 03:37:04.886695,DELIVERED,SOUTH
ORD00184,CUST0114,2026-05-24 02:49:27.585650,DELIVERED,NORTH
ORD00185,CUST0166,2025-01-04 17:33:55.452072,PLACED,NORTH
ORD00186,CUST0423,2025-07-18 09:41:39.088471,PLACED,SOUTH
ORD00187,CUST0153,2024-09-23 03:34:13.801041,CANCELLED,NORTH
ORD00188,CUST0013,2024-08-22 00:43:23.517897,DELIVERED,WEST
ORD00189,CUST0370,2025-09-27 00:16:58.164551,PLACED,EAST
ORD00190,CUST0038,2025-10-11 01:55:56.658469,CANCELLED,WEST
ORD00191,UNKNOWN,2026-01-12 21:58:49.497774,PLACED,SOUTH
ORD00192,CUST0166,2024-09-22 23:17:49.750436,CANCELLED,WEST
ORD00193,CUST0285,2024-09-06 14:19:25.955383,DELIVERED,WEST
ORD00194,CUST0387,2025-11-06 05:25:55.907971,DELIVERED,EAST
ORD00195,CUST0243,2025-01-16 18:23:51.873399,CANCELLED,SOUTH
ORD00196,CUST0280,2025-03-20 20:37:20.641241,PLACED,SOUTH
ORD00197,CUST0300,2025-08-19 05:04:24.906268,PLACED,WEST
ORD00198,CUST0134,2025-10-03 05:40:17.598478,RETURNED,SOUTH
ORD00199,CUST0272,2025-10-01 11:20:34.382631,DELIVERED,WEST
ORD00200,CUST0445,2026-06-18 23:33:09.449965,SHIPPED,WEST
ORD00201,CUST0011,2026-05-30 04:39:33.308415,DELIVERED,WEST
ORD00202,CUST0067,2024-08-13 18:00:17.371028,DELIVERED,EAST
ORD00203,CUST0108,2024-12-17 07:00:09.684117,DELIVERED,NORTH
ORD00204,CUST0405,2024-10-07 06:14:31.878606,DELIVERED,WEST
ORD00205,CUST0352,2026-03-01 00:00:00.000000,PLACED,WEST
ORD00206,CUST0001,2025-11-13 10:06:22.920159,RETURNED,EAST
ORD00207,CUST0078,2025-01-17 23:53:46.540109,DELIVERED,NORTH
ORD00208,CUST0231,2025-02-26 07:51:36.628314,PLACED,NORTH
ORD00209,CUST0382,2025-01-22 20:03:10.159353,DELIVERED,NORTH
ORD00210,CUST0090,2024-12-13 07:45:17.734755,DELIVERED,SOUTH
ORD00211,CUST0462,2024-12-02 18:46:42.778600,CANCELLED,SOUTH
ORD00212,CUST0180,2025-12-30 07:07:24.369515,DELIVERED,WEST
ORD00213,CUST0020,2025-04-23 04:14:11.525403,DELIVERED,SOUTH
ORD00214,UNKNOWN,2024-11-03 04:11:47.381298,CANCELLED,EAST
ORD00215,CUST0002,2024-07-17 09:14:03.773713,CANCELLED,WEST
ORD00216,CUST0464,2025-04-25 05:23:57.186305,CANCELLED,WEST
ORD00217,CUST0445,2025-05-27 04:57:32.078583,PLACED,NORTH
ORD00218,CUST0439,2026-04-24 20:18:35.273589,CANCELLED,EAST
ORD00219,CUST0126,2026-02-10 06:52:59.278201,SHIPPED,WEST
ORD00220,CUST0423,2025-06-25 20:25:34.313765,PLACED,NORTH
ORD00221,CUST0032,2025-05-25 05:59:15.124101,DELIVERED,SOUTH
ORD00222,CUST0209,2026-06-07 20:13:13.938297,CANCELLED,SOUTH
ORD00223,CUST0209,2024-09-17 16:12:36.113126,DELIVERED,SOUTH
ORD00224,CUST0392,2025-06-22 05:27:50.860340,CANCELLED,WEST
ORD00225,CUST0493,2026-07-01 17:25:08.442831,CANCELLED,SOUTH
ORD00226,CUST0182,2025-04-05 19:39:57.341147,SHIPPED,NORTH
ORD00227,CUST0458,2025-08-04 12:46:14.012448,DELIVERED,SOUTH
ORD00228,CUST0066,2025-11-26 10:43:46.700029,PLACED,WEST
ORD00229,CUST0416,2025-07-20 10:19:20.767781,RETURNED,NORTH
ORD00230,CUST0256,2025-10-15 23:03:05.829505,DELIVERED,EAST
ORD00231,CUST0033,2024-12-23 06:49:09.101047,CANCELLED,EAST
ORD00232,CUST0336,2025-11-28 23:57:21.598226,CANCELLED,NORTH
ORD00233,CUST0074,2026-05-24 09:09:53.685418,SHIPPED,EAST
ORD00234,UNKNOWN,2024-11-17 00:00:00.000000,SHIPPED,EAST
ORD00235,CUST0068,2025-11-29 23:59:53.111243,RETURNED,EAST
ORD00236,CUST0056,2025-10-02 11:29:42.576519,DELIVERED,NORTH
ORD00237,CUST0381,2024-08-03 05:25:39.291974,SHIPPED,EAST
ORD00238,CUST0261,2025-01-20 02:11:01.762921,PLACED,EAST
ORD00239,CUST0335,2025-12-13 17:36:00.425471,PLACED,EAST
ORD00240,CUST0246,2026-03-14 00:00:24.315722,DELIVERED,EAST
ORD00241,CUST0191,2025-10-31 00:51:35.294175,PLACED,NORTH
ORD00242,CUST0423,2025-02-04 14:26:29.044003,CANCELLED,SOUTH
ORD00243,CUST0367,2025-05-09 21:13:06.267648,SHIPPED,NORTH
ORD00244,CUST0324,2026-05-21 14:42:39.310262,PLACED,SOUTH
ORD00245,CUST0042,2024-12-14 21:06:42.503942,CANCELLED,NORTH
ORD00246,CUST0037,2024-09-25 04:47:13.709048,SHIPPED,WEST
ORD00247,UNKNOWN,2025-02-14 04:04:19.372087,CANCELLED,EAST
ORD00248,CUST0128,2026-06-30 04:03:43.529575,RETURNED,EAST
ORD00249,CUST0137,2024-07-12 21:29:27.328182,DELIVERED,SOUTH
ORD00250,CUST0218,2024-08-23 10:27:59.933170,PLACED,SOUTH
ORD00251,CUST0404,2025-09-17 14:09:46.564703,RETURNED,SOUTH
ORD00252,CUST0016,2026-03-03 02:00:10.288793,DELIVERED,NORTH
ORD00253,CUST0339,2026-03-11 16:57:36.964334,DELIVERED,EAST
ORD00254,CUST0136,2025-12-31 19:42:52.776112,SHIPPED,NORTH
ORD00255,CUST0169,2025-11-11 16:03:12.287003,DELIVERED,EAST
ORD00256,CUST0031,2026-06-24 14:20:25.864605,CANCELLED,NORTH
ORD00257,CUST0137,2025-07-03 15:16:36.662910,DELIVERED,SOUTH
ORD00258,CUST0184,2024-08-27 02:52:52.850870,PLACED,WEST
ORD00259,CUST0286,2026-06-03 00:19:19.264252,RETURNED,SOUTH
ORD00260,CUST0454,2026-01-11 07:37:29.365374,RETURNED,SOUTH
ORD00261,CUST0059,2026-07-12 08:19:01.950677,RETURNED,WEST
ORD00262,CUST0222,2024-12-05 08:34:27.709590,PLACED,WEST
ORD00263,CUST0039,2026-06-06 00:47:18.872813,SHIPPED,NORTH
ORD00264,CUST0356,2026-03-21 06:46:01.799565,PLACED,SOUTH
ORD00265,CUST0042,2025-11-03 07:47:36.359706,DELIVERED,NORTH
ORD00266,CUST0017,2024-09-04 05:22:36.209764,PLACED,NORTH
ORD00267,CUST0253,2026-04-02 09:52:12.739047,SHIPPED,NORTH
ORD00268,CUST0476,2026-02-17 00:00:00.000000,RETURNED,SOUTH
ORD00269,CUST0245,2026-07-05 15:18:50.791690,PLACED,NORTH
ORD00270,CUST0400,2025-09-04 22:01:23.683459,SHIPPED,WEST
ORD00271,CUST0405,2025-05-17 11:34:32.274281,PLACED,SOUTH
ORD00272,CUST0403,2025-04-11 04:41:11.415493,CANCELLED,NORTH
ORD00273,CUST0079,2024-12-25 12:24:35.665547,SHIPPED,NORTH
ORD00274,CUST0355,2026-03-07 19:09:59.311628,CANCELLED,SOUTH
ORD00275,CUST0155,2026-01-31 04:16:41.193924,PLACED,EAST
ORD00276,CUST0016,2025-09-27 18:42:08.598739,DELIVERED,SOUTH
ORD00277,CUST0265,2025-01-29 08:02:43.711462,PLACED,EAST
ORD00278,CUST0360,2026-06-12 22:10:53.243012,DELIVERED,NORTH
ORD00279,CUST0260,2025-04-08 03:01:40.730821,DELIVERED,SOUTH
ORD00280,CUST0450,2024-09-15 21:58:59.605789,CANCELLED,WEST
ORD00281,CUST0081,2025-08-23 00:03:27.811833,RETURNED,NORTH
ORD00282,CUST0035,2025-04-28 03:27:04.892330,DELIVERED,NORTH
ORD00283,CUST0434,2025-08-09 22:50:19.609272,DELIVERED,WEST
ORD00284,CUST0444,2026-03-26 20:16:22.316439,CANCELLED,NORTH
ORD00285,CUST0080,2024-08-21 20:53:15.051420,RETURNED,WEST
ORD00286,CUST0376,2026-05-25 12:56:33.041097,CANCELLED,NORTH
ORD00287,CUST0257,2025-11-13 22:06:32.504926,PLACED,SOUTH
ORD00288,CUST0224,2026-02-24 15:53:19.533362,CANCELLED,NORTH
ORD00289,CUST0066,2026-03-16 05:20:52.119228,RETURNED,WEST
ORD00290,CUST0497,2024-08-11 20:06:03.698864,RETURNED,WEST
ORD00291,CUST0441,2025-09-17 12:54:44.590704,DELIVERED,EAST
ORD00292,CUST0338,2024-10-29 07:37:34.273494,SHIPPED,EAST
ORD00293,CUST0305,2025-10-28 08:55:30.314338,SHIPPED,WEST
ORD00294,UNKNOWN,2025-04-14 22:42:51.213674,RETURNED,NORTH
ORD00295,CUST0262,2024-09-17 12:40:03.998942,PLACED,SOUTH
ORD00296,CUST0101,2025-08-12 14:09:49.341087,CANCELLED,SOUTH
ORD00297,CUST0293,2026-07-11 02:02:38.018912,PLACED,NORTH
ORD00298,CUST0472,2026-06-25 08:14:50.929489,DELIVERED,NORTH
ORD00299,CUST0228,2024-12-19 17:18:32.802149,RETURNED,NORTH
ORD00300,CUST0123,2025-09-23 23:27:59.899421,CANCELLED,NORTH
ORD00301,CUST0087,2025-06-18 13:19:18.142347,PLACED,SOUTH
ORD00302,CUST0178,2024-07-29 11:49:12.722378,RETURNED,EAST
ORD00303,CUST0081,2025-07-02 17:03:45.998058,CANCELLED,WEST
ORD00304,CUST0371,2025-03-24 20:40:08.536999,CANCELLED,WEST
ORD00305,CUST0106,2025-05-05 17:18:25.537747,CANCELLED,NORTH
ORD00306,CUST0385,2024-11-25 15:32:01.405359,CANCELLED,SOUTH
ORD00307,CUST0001,2025-03-08 21:57:23.130879,DELIVERED,NORTH
ORD00308,CUST0413,2025-09-06 17:00:28.942973,CANCELLED,WEST
ORD00309,UNKNOWN,2025-09-09 23:28:55.600879,CANCELLED,WEST
ORD00310,CUST0259,2026-01-28 00:19:44.848838,DELIVERED,EAST
ORD00311,CUST0005,2024-11-08 06:02:52.682758,SHIPPED,NORTH
ORD00312,UNKNOWN,2025-06-25 12:40:36.010363,RETURNED,EAST
ORD00313,CUST0015,2025-12-10 22:25:28.474523,CANCELLED,SOUTH
ORD00314,CUST0203,2026-05-09 08:59:50.192106,SHIPPED,NORTH
ORD00315,CUST0127,2025-12-23 19:34:03.095064,CANCELLED,SOUTH
ORD00316,CUST0340,2025-07-21 04:50:09.378672,DELIVERED,SOUTH
ORD00317,CUST0184,2025-08-11 03:20:03.513354,PLACED,EAST
ORD00318,CUST0319,2026-03-06 10:34:42.769222,RETURNED,SOUTH
ORD00319,CUST0211,2024-09-29 22:53:14.441886,SHIPPED,WEST
ORD00320,CUST0038,2025-03-31 11:47:41.892525,PLACED,NORTH
ORD00321,CUST0039,2025-12-12 09:09:48.623698,CANCELLED,NORTH
ORD00322,CUST0401,2025-07-18 23:11:40.956779,RETURNED,WEST
ORD00323,CUST0151,2025-09-03 05:58:08.112470,DELIVERED,SOUTH
ORD00324,CUST0202,2024-08-04 14:13:39.813083,SHIPPED,NORTH
ORD00325,CUST0019,2024-08-19 23:35:53.410387,SHIPPED,SOUTH
ORD00326,CUST0041,2024-10-09 18:34:06.203450,DELIVERED,WEST
ORD00327,CUST0065,2025-10-03 11:46:29.216765,SHIPPED,WEST
ORD00328,CUST0034,2025-05-13 06:10:27.737456,SHIPPED,SOUTH
ORD00329,CUST0099,2024-09-16 03:46:17.206257,RETURNED,WEST
ORD00330,CUST0263,2025-02-06 08:21:40.866729,RETURNED,SOUTH
ORD00331,CUST0150,2025-11-06 20:38:55.498630,PLACED,NORTH
ORD00332,CUST0464,2026-06-13 19:38:25.096312,DELIVERED,EAST
ORD00333,CUST0149,2024-11-01 20:07:29.675558,PLACED,SOUTH
ORD00334,CUST0082,2025-06-03 19:06:34.691022,DELIVERED,WEST
ORD00335,CUST0022,2024-08-19 01:28:19.698930,CANCELLED,WEST
ORD00336,CUST0100,2025-02-25 13:14:20.340046,DELIVERED,EAST
ORD00337,CUST0126,2025-05-31 16:53:20.928336,RETURNED,WEST
ORD00338,UNKNOWN,2026-02-11 16:01:34.721444,PLACED,WEST
ORD00339,CUST0311,2025-07-27 12:17:28.059881,RETURNED,NORTH
ORD00340,CUST0338,2026-02-26 10:08:36.322620,DELIVERED,NORTH
ORD00341,UNKNOWN,2024-09-06 06:57:59.268291,CANCELLED,SOUTH
ORD00342,CUST0403,2024-08-18 21:35:22.274615,SHIPPED,SOUTH
ORD00343,CUST0142,2025-12-10 16:13:41.792815,PLACED,NORTH
ORD00344,CUST0015,2025-03-03 04:53:01.195468,DELIVERED,EAST
ORD00345,CUST0051,2026-02-15 10:56:19.512601,RETURNED,SOUTH
ORD00346,CUST0048,2025-06-28 16:24:09.158038,DELIVERED,EAST
ORD00347,CUST0466,2026-07-01 04:48:56.382362,PLACED,SOUTH
ORD00348,CUST0049,2024-10-28 09:19:02.062483,CANCELLED,SOUTH
ORD00349,CUST0317,2025-11-06 15:53:47.992368,DELIVERED,SOUTH
ORD00350,CUST0126,2024-11-28 16:10:18.339673,SHIPPED,SOUTH
ORD00351,UNKNOWN,2024-09-30 17:20:55.481519,PLACED,NORTH
ORD00352,UNKNOWN,2025-08-02 16:20:26.211348,PLACED,EAST
ORD00353,CUST0338,2026-04-27 18:40:32.659423,SHIPPED,SOUTH
ORD00354,CUST0473,2026-05-15 23:11:39.417397,CANCELLED,EAST
ORD00355,CUST0496,2026-01-03 13:36:27.107159,CANCELLED,SOUTH
ORD00356,CUST0348,2025-04-12 00:00:00.000000,DELIVERED,WEST
ORD00357,CUST0102,2025-12-27 07:12:26.417280,DELIVERED,NORTH
ORD00358,CUST0353,2026-01-04 07:01:52.289226,CANCELLED,EAST
ORD00359,CUST0481,2025-10-31 00:57:19.914734,PLACED,SOUTH
ORD00360,CUST0294,2026-01-01 20:04:28.632517,DELIVERED,WEST
ORD00361,CUST0264,2026-05-28 02:05:40.256476,PLACED,WEST
ORD00362,CUST0471,2024-09-28 05:38:56.800376,RETURNED,WEST
ORD00363,CUST0372,2026-07-07 00:09:12.954186,DELIVERED,EAST
ORD00364,CUST0480,2026-02-09 04:16:15.508735,DELIVERED,WEST
ORD00365,CUST0003,2025-11-29 21:06:17.257305,DELIVERED,WEST
ORD00366,CUST0480,2024-12-16 15:29:35.814445,DELIVERED,NORTH
ORD00367,CUST0331,2024-10-23 14:08:54.568666,PLACED,NORTH
ORD00368,CUST0085,2024-11-25 10:33:08.072499,PLACED,NORTH
ORD00369,CUST0328,2025-08-02 03:31:03.157588,CANCELLED,EAST
ORD00370,CUST0298,2026-01-28 18:07:08.633812,PLACED,EAST
ORD00371,CUST0102,2024-08-27 03:59:11.283558,RETURNED,NORTH
ORD00372,CUST0243,2026-05-22 10:17:55.114607,PLACED,SOUTH
ORD00373,CUST0337,2026-03-22 20:57:36.083820,CANCELLED,WEST
ORD00374,CUST0026,2025-05-20 13:33:30.370528,RETURNED,NORTH
ORD00375,CUST0293,2026-01-06 18:47:10.348187,SHIPPED,WEST
ORD00376,CUST0155,2026-05-10 04:17:47.147850,RETURNED,NORTH
ORD00377,CUST0426,2025-05-19 19:43:45.891783,PLACED,NORTH
ORD00378,CUST0183,2026-02-10 20:29:02.583323,CANCELLED,NORTH
ORD00379,CUST0375,2026-04-05 08:46:36.340120,SHIPPED,EAST
ORD00380,CUST0022,2025-06-18 13:03:18.195446,RETURNED,SOUTH
ORD00381,CUST0170,2025-04-27 20:27:34.062545,PLACED,WEST
ORD00382,CUST0094,2024-11-09 20:20:38.383342,RETURNED,NORTH
ORD00383,CUST0202,2024-08-16 13:29:37.444737,CANCELLED,SOUTH
ORD00384,UNKNOWN,2025-01-08 01:47:04.348593,RETURNED,SOUTH
ORD00385,CUST0419,2025-04-29 16:15:51.818768,PLACED,SOUTH
ORD00386,CUST0487,2024-08-05 17:10:59.717964,DELIVERED,SOUTH
ORD00387,CUST0107,2025-01-18 22:10:41.410717,CANCELLED,SOUTH
ORD00388,CUST0431,2025-12-30 17:49:59.870492,SHIPPED,SOUTH
ORD00389,CUST0136,2024-07-16 21:00:13.828469,CANCELLED,SOUTH
ORD00390,CUST0310,2024-12-28 19:47:08.929307,SHIPPED,NORTH
ORD00391,CUST0167,2026-01-06 04:55:38.937362,CANCELLED,SOUTH
ORD00392,CUST0336,2025-07-11 14:30:49.139759,DELIVERED,NORTH
ORD00393,CUST0112,2026-05-06 16:57:19.739850,DELIVERED,EAST
ORD00394,CUST0270,2025-01-06 10:08:38.845706,CANCELLED,WEST
ORD00395,CUST0076,2025-03-13 15:57:41.734431,PLACED,EAST
ORD00396,CUST0041,2025-04-15 06:36:58.755780,PLACED,SOUTH
ORD00397,CUST0439,2025-04-24 23:39:14.686522,PLACED,WEST
ORD00398,UNKNOWN,2026-03-10 05:13:24.690699,RETURNED,EAST
ORD00399,CUST0001,2025-08-23 08:28:29.662570,DELIVERED,WEST
ORD00400,UNKNOWN,2024-07-13 10:56:21.562436,DELIVERED,WEST
ORD00401,CUST0300,2024-11-18 22:10:03.374455,RETURNED,SOUTH
ORD00402,CUST0065,2025-09-06 00:58:28.722215,DELIVERED,WEST
ORD00403,CUST0483,2025-09-14 09:17:48.706629,CANCELLED,WEST
ORD00404,CUST0453,2024-10-19 11:12:56.045025,SHIPPED,NORTH
ORD00405,CUST0471,2025-05-28 20:28:11.319709,SHIPPED,WEST
ORD00406,CUST0076,2025-09-12 19:04:28.840526,DELIVERED,WEST
ORD00407,CUST0030,2026-03-15 14:42:00.431482,PLACED,NORTH
ORD00408,CUST0036,2026-05-27 22:00:45.459736,CANCELLED,NORTH
ORD00409,UNKNOWN,2025-08-31 08:45:33.988199,PLACED,SOUTH
ORD00410,CUST0191,2025-07-27 07:37:25.851756,PLACED,NORTH
ORD00411,CUST0154,2025-07-23 18:47:06.302214,DELIVERED,EAST
ORD00412,CUST0296,2024-09-26 19:52:49.325078,SHIPPED,NORTH
ORD00413,CUST0078,2026-05-19 12:29:24.592651,SHIPPED,SOUTH
ORD00414,CUST0246,2025-06-07 18:14:42.966335,PLACED,NORTH
ORD00415,CUST0196,2024-08-19 13:17:37.031167,SHIPPED,SOUTH
ORD00416,UNKNOWN,2025-07-02 11:00:36.717003,RETURNED,WEST
ORD00417,CUST0198,2024-08-26 09:16:48.524478,DELIVERED,SOUTH
ORD00418,CUST0173,2025-05-22 19:27:06.196154,CANCELLED,EAST
ORD00419,CUST0053,2025-12-30 12:24:29.256281,CANCELLED,NORTH
ORD00420,CUST0363,2026-02-18 13:22:18.702908,CANCELLED,SOUTH
ORD00421,CUST0032,2024-08-23 20:41:22.831601,RETURNED,NORTH
ORD00422,UNKNOWN,2025-08-08 01:17:36.706285,SHIPPED,EAST
ORD00423,CUST0053,2024-11-09 00:00:00.000000,SHIPPED,EAST
ORD00424,CUST0026,2026-02-27 12:01:04.649817,PLACED,SOUTH
ORD00425,CUST0420,2025-02-07 00:42:23.215770,SHIPPED,WEST
ORD00426,UNKNOWN,2025-08-02 06:05:01.863764,CANCELLED,WEST
ORD00427,CUST0366,2025-11-17 12:20:50.773938,PLACED,EAST
ORD00428,CUST0009,2026-06-21 17:09:55.829558,CANCELLED,NORTH
ORD00429,CUST0246,2025-04-30 09:03:32.650103,PLACED,WEST
ORD00430,CUST0301,2026-05-26 22:43:11.419337,DELIVERED,SOUTH
ORD00431,CUST0278,2026-03-07 08:09:03.965868,RETURNED,EAST
ORD00432,CUST0406,2025-11-25 05:40:20.821286,SHIPPED,WEST
ORD00433,CUST0143,2025-12-04 21:10:59.325089,SHIPPED,SOUTH
ORD00434,CUST0297,2026-04-26 21:34:03.316487,SHIPPED,WEST
ORD00435,CUST0122,2025-03-09 07:23:45.144426,PLACED,NORTH
ORD00436,CUST0001,2026-01-19 13:46:38.159560,DELIVERED,SOUTH
ORD00437,CUST0393,2026-02-18 12:19:09.926351,PLACED,SOUTH
ORD00438,CUST0472,2025-12-13 05:26:16.570373,SHIPPED,WEST
ORD00439,CUST0225,2025-06-16 08:21:54.671208,CANCELLED,EAST
ORD00440,CUST0373,2026-05-27 01:58:01.115526,RETURNED,SOUTH
ORD00441,CUST0257,2025-09-16 10:51:53.366449,DELIVERED,EAST
ORD00442,CUST0111,2025-10-09 04:37:11.897165,PLACED,EAST
ORD00443,CUST0428,2025-07-12 16:00:37.345886,SHIPPED,WEST
ORD00444,CUST0481,2026-01-04 03:10:17.138069,PLACED,SOUTH
ORD00445,CUST0257,2025-09-18 05:58:25.322561,DELIVERED,SOUTH
ORD00446,CUST0367,2024-09-05 05:13:39.772122,DELIVERED,SOUTH
ORD00447,CUST0097,2025-11-06 08:42:03.784973,SHIPPED,WEST
ORD00448,CUST0174,2025-12-18 14:24:00.353097,DELIVERED,WEST
ORD00449,CUST0071,2026-05-22 16:14:12.131556,RETURNED,EAST
ORD00450,CUST0220,2026-04-10 16:51:34.573523,RETURNED,SOUTH
ORD00451,CUST0050,2024-10-15 10:40:09.090497,CANCELLED,EAST
ORD00452,CUST0162,2024-12-04 02:28:01.680780,DELIVERED,EAST
ORD00453,CUST0003,2025-04-17 17:59:27.530687,CANCELLED,WEST
ORD00454,CUST0474,2024-12-24 08:34:38.421464,RETURNED,NORTH
ORD00455,UNKNOWN,2026-04-14 07:39:34.997138,CANCELLED,SOUTH
ORD00456,CUST0498,2026-02-03 10:07:25.705910,DELIVERED,WEST
ORD00457,CUST0039,2026-06-27 07:44:34.976064,PLACED,SOUTH
ORD00458,CUST0437,2026-03-31 23:55:22.367868,DELIVERED,EAST
ORD00459,CUST0235,2025-11-28 10:16:20.720937,SHIPPED,EAST
ORD00460,CUST0418,2026-02-11 01:05:08.094269,DELIVERED,SOUTH
ORD00461,CUST0397,2025-02-16 01:23:20.869693,PLACED,WEST
ORD00462,CUST0059,2025-08-23 00:00:00.000000,DELIVERED,SOUTH
ORD00463,CUST0293,2024-12-25 19:31:05.615540,PLACED,EAST
ORD00464,CUST0468,2025-02-18 23:13:02.904794,SHIPPED,EAST
ORD00465,CUST0041,2025-07-29 13:08:36.369605,DELIVERED,EAST
ORD00466,CUST0098,2026-06-21 09:54:54.261733,PLACED,EAST
ORD00467,CUST0143,2026-01-07 06:43:48.439443,RETURNED,WEST
ORD00468,CUST0153,2026-06-28 05:09:01.092745,RETURNED,NORTH
ORD00469,CUST0037,2025-04-03 11:56:16.843368,RETURNED,NORTH
ORD00470,CUST0183,2025-01-07 04:42:04.268666,CANCELLED,NORTH
ORD00471,CUST0008,2026-02-04 08:33:20.799253,RETURNED,NORTH
ORD00472,CUST0034,2024-12-31 08:32:44.874456,CANCELLED,WEST
ORD00473,CUST0049,2025-04-28 12:29:18.022810,DELIVERED,SOUTH
ORD00474,CUST0085,2026-04-05 05:36:55.654148,DELIVERED,SOUTH
ORD00475,CUST0011,2025-06-15 23:58:38.617119,DELIVERED,SOUTH
ORD00476,CUST0229,2026-02-05 13:36:45.842196,CANCELLED,WEST
ORD00477,CUST0016,2026-04-24 00:44:29.763298,PLACED,NORTH
ORD00478,CUST0030,2024-07-12 11:25:46.708891,SHIPPED,NORTH
ORD00479,CUST0093,2024-11-19 04:26:24.001247,DELIVERED,EAST
ORD00480,CUST0354,2025-10-21 04:32:24.732637,DELIVERED,SOUTH
ORD00481,CUST0381,2026-04-18 17:48:43.480577,RETURNED,SOUTH
ORD00482,CUST0055,2025-01-17 20:11:06.808044,SHIPPED,SOUTH
ORD00483,CUST0315,2026-06-02 21:26:35.869896,SHIPPED,EAST
ORD00484,CUST0042,2024-11-04 09:29:47.554679,CANCELLED,NORTH
ORD00485,CUST0041,2026-03-10 19:26:03.236467,SHIPPED,EAST
ORD00486,CUST0074,2026-03-28 02:43:50.647034,CANCELLED,NORTH
ORD00487,CUST0449,2024-09-19 20:17:07.310845,SHIPPED,EAST
ORD00488,CUST0451,2025-10-13 20:15:38.979916,PLACED,EAST
ORD00489,CUST0481,2025-11-10 11:59:07.281341,PLACED,NORTH
ORD00490,CUST0034,2026-02-22 00:11:27.196653,RETURNED,NORTH
ORD00491,CUST0148,2024-08-31 10:13:04.017720,SHIPPED,WEST
ORD00492,CUST0407,2026-07-10 04:59:57.493668,DELIVERED,NORTH
ORD00493,CUST0235,2026-02-20 07:55:56.860858,RETURNED,NORTH
ORD00494,UNKNOWN,2024-10-07 10:10:09.866476,SHIPPED,EAST
ORD00495,CUST0016,2025-06-03 23:08:25.364311,RETURNED,SOUTH
ORD00496,CUST0055,2024-08-18 17:32:39.638272,CANCELLED,NORTH
ORD00497,CUST0145,2025-09-06 21:22:38.152035,PLACED,EAST
ORD00498,CUST0241,2025-01-11 05:01:39.482544,RETURNED,SOUTH
ORD00499,CUST0482,2025-01-15 09:32:12.032391,DELIVERED,WEST
ORD00500,CUST0213,2024-11-29 12:23:00.226261,RETURNED,WEST
ORD00501,CUST0138,2026-06-17 12:40:23.924166,DELIVERED,NORTH
ORD00502,CUST0408,2024-07-31 12:16:23.892375,CANCELLED,WEST
ORD00503,CUST0269,2024-10-04 09:05:07.384509,DELIVERED,EAST
ORD00504,CUST0305,2026-04-19 05:17:49.111170,CANCELLED,WEST
ORD00505,CUST0309,2024-10-22 19:00:33.052226,SHIPPED,NORTH
ORD00506,CUST0293,2026-05-04 07:23:02.752297,CANCELLED,NORTH
ORD00507,CUST0342,2025-09-22 21:35:20.015240,DELIVERED,EAST
ORD00508,CUST0163,2025-07-24 11:08:37.893631,SHIPPED,SOUTH
ORD00509,CUST0210,2025-06-16 11:00:52.481836,CANCELLED,NORTH
ORD00510,CUST0486,2024-10-11 20:09:30.714943,DELIVERED,EAST
ORD00511,CUST0356,2026-06-01 03:50:30.159184,RETURNED,SOUTH
ORD00512,CUST0264,2025-09-10 03:31:48.491134,DELIVERED,SOUTH
ORD00513,CUST0307,2026-02-12 07:55:32.908001,RETURNED,EAST
ORD00514,CUST0283,2024-08-26 06:56:51.318161,PLACED,SOUTH
ORD00515,UNKNOWN,2026-03-11 06:04:49.881268,DELIVERED,EAST
ORD00516,CUST0321,2025-03-04 12:18:42.964581,DELIVERED,NORTH
ORD00517,UNKNOWN,2024-02-12 00:00:00.000000,RETURNED,NORTH
ORD00518,CUST0448,2024-09-05 14:34:37.760444,SHIPPED,SOUTH
ORD00519,CUST0042,2026-01-05 18:04:57.064445,DELIVERED,NORTH
ORD00520,CUST0314,2026-01-11 09:27:56.646774,SHIPPED,EAST
ORD00521,CUST0220,2024-08-08 15:34:16.457345,DELIVERED,SOUTH
ORD00522,CUST0336,2025-02-28 21:37:19.019922,RETURNED,EAST
ORD00523,CUST0246,2026-03-29 13:32:29.451148,PLACED,SOUTH
ORD00524,CUST0146,2025-07-19 23:32:23.381149,DELIVERED,WEST
ORD00525,CUST0363,2025-01-22 13:24:47.192130,PLACED,NORTH
ORD00526,CUST0247,2025-04-19 01:31:00.313269,DELIVERED,EAST
ORD00527,CUST0486,2026-01-01 05:22:08.702667,RETURNED,NORTH
ORD00528,CUST0468,2025-10-02 06:26:10.436041,PLACED,EAST
ORD00529,UNKNOWN,2024-09-17 20:10:42.106419,DELIVERED,SOUTH
ORD00530,CUST0259,2025-10-20 03:01:58.858808,PLACED,NORTH
ORD00531,CUST0177,2025-11-23 06:23:49.891517,PLACED,EAST
ORD00532,CUST0448,2024-11-04 06:08:34.266939,PLACED,NORTH
ORD00533,CUST0170,2025-02-09 14:31:50.351449,RETURNED,SOUTH
ORD00534,CUST0340,2025-01-15 00:06:29.870998,CANCELLED,NORTH
ORD00535,CUST0431,2025-10-22 13:17:08.649508,PLACED,NORTH
ORD00536,CUST0214,2025-05-02 12:12:26.496877,SHIPPED,EAST
ORD00537,CUST0458,2025-05-17 17:49:27.950986,SHIPPED,SOUTH
ORD00538,CUST0040,2024-09-12 16:50:26.943046,RETURNED,EAST
ORD00539,CUST0159,2024-12-28 13:16:14.690856,CANCELLED,NORTH
ORD00540,CUST0188,2025-07-18 23:56:48.630339,RETURNED,EAST
ORD00541,CUST0401,2026-01-16 06:15:59.484030,SHIPPED,EAST
ORD00542,CUST0486,2024-12-23 20:13:29.257622,CANCELLED,NORTH
ORD00543,CUST0367,2025-11-08 19:35:37.891083,PLACED,SOUTH
ORD00544,CUST0168,2024-11-27 08:13:17.252866,DELIVERED,EAST
ORD00545,CUST0468,2026-06-20 02:14:42.900411,PLACED,NORTH
ORD00546,CUST0075,2026-03-18 05:18:57.436524,RETURNED,EAST
ORD00547,CUST0065,2025-10-24 23:06:04.052824,SHIPPED,WEST
ORD00548,CUST0309,2025-03-12 22:38:44.850006,PLACED,NORTH
ORD00549,CUST0317,2025-01-10 19:17:59.242750,CANCELLED,WEST
ORD00550,CUST0482,2026-03-06 00:36:10.860547,DELIVERED,NORTH
ORD00551,CUST0326,2026-02-16 00:00:00.000000,SHIPPED,WEST
ORD00552,CUST0187,2025-11-02 03:03:37.132422,PLACED,WEST
ORD00553,CUST0500,2025-01-04 07:02:49.295115,DELIVERED,EAST
ORD00554,CUST0111,2025-09-10 11:27:00.611718,DELIVERED,SOUTH
ORD00555,CUST0391,2026-06-02 22:37:43.932651,RETURNED,EAST
ORD00556,CUST0469,2025-02-13 15:38:59.462058,DELIVERED,WEST
ORD00557,CUST0306,2025-09-06 21:47:16.694895,DELIVERED,SOUTH
ORD00558,CUST0255,2025-11-09 17:55:13.194189,RETURNED,EAST
ORD00559,CUST0333,2025-07-18 22:12:01.260229,DELIVERED,SOUTH
ORD00560,CUST0453,2026-05-01 13:27:42.891684,PLACED,WEST
ORD00561,CUST0147,2026-05-28 21:33:13.165732,CANCELLED,NORTH
ORD00562,CUST0317,2026-02-12 06:51:16.476172,SHIPPED,SOUTH
ORD00563,CUST0496,2025-12-03 08:44:34.488525,RETURNED,NORTH
ORD00564,CUST0119,2025-12-14 02:32:18.299486,PLACED,EAST
ORD00565,CUST0058,2025-09-17 05:43:39.565669,SHIPPED,EAST
ORD00566,CUST0397,2026-05-23 14:23:39.377894,RETURNED,SOUTH
ORD00567,CUST0292,2025-05-02 02:47:13.652170,SHIPPED,SOUTH
ORD00568,CUST0031,2025-05-29 14:57:17.463126,DELIVERED,WEST
ORD00569,CUST0473,2025-08-19 21:58:25.226944,SHIPPED,SOUTH
ORD00570,CUST0271,2025-12-14 21:25:56.398474,PLACED,WEST
ORD00571,CUST0071,2025-02-05 15:04:03.435522,PLACED,WEST
ORD00572,CUST0237,2025-03-22 16:24:03.327949,CANCELLED,WEST
ORD00573,CUST0336,2026-02-17 22:27:14.501348,SHIPPED,NORTH
ORD00574,CUST0482,2024-12-11 00:30:01.641625,SHIPPED,EAST
ORD00575,CUST0418,2025-02-26 07:18:24.090051,CANCELLED,NORTH
ORD00576,CUST0071,2024-08-19 07:35:15.843217,SHIPPED,WEST
ORD00577,CUST0011,2025-09-14 14:18:14.845152,SHIPPED,NORTH
ORD00578,CUST0226,2024-12-16 22:55:48.028214,PLACED,SOUTH
ORD00579,CUST0252,2024-11-16 14:47:15.078191,PLACED,SOUTH
ORD00580,CUST0421,2024-09-18 12:55:58.143754,DELIVERED,NORTH
ORD00581,CUST0189,2025-01-09 02:19:21.861800,RETURNED,SOUTH
ORD00582,CUST0320,2026-07-05 08:50:12.876730,CANCELLED,EAST
ORD00583,CUST0116,2025-10-11 11:24:09.120576,CANCELLED,WEST
ORD00584,CUST0153,2025-03-23 19:03:54.161343,DELIVERED,NORTH
ORD00585,CUST0107,2025-02-03 08:02:52.980053,RETURNED,EAST
ORD00586,CUST0074,2026-03-09 18:56:23.518187,DELIVERED,SOUTH
ORD00587,CUST0202,2025-04-19 02:40:58.132549,DELIVERED,WEST
ORD00588,CUST0196,2024-12-12 06:00:40.692612,RETURNED,EAST
ORD00589,CUST0227,2024-11-27 20:49:59.220430,PLACED,WEST
ORD00590,CUST0345,2025-11-17 13:05:44.055171,SHIPPED,EAST
ORD00591,CUST0273,2025-04-28 03:46:24.779475,RETURNED,EAST
ORD00592,CUST0371,2026-02-15 15:58:32.931744,CANCELLED,SOUTH
ORD00593,CUST0321,2025-10-17 20:36:46.217673,CANCELLED,WEST
ORD00594,CUST0475,2025-02-03 21:53:08.522414,CANCELLED,WEST
ORD00595,UNKNOWN,2024-11-05 01:56:47.041451,PLACED,NORTH
ORD00596,CUST0169,2024-11-27 06:37:43.712619,CANCELLED,WEST
ORD00597,CUST0267,2025-10-31 16:13:36.314586,SHIPPED,EAST
ORD00598,CUST0436,2026-03-21 10:46:06.692777,RETURNED,WEST
ORD00599,CUST0487,2026-06-13 15:34:42.747153,RETURNED,SOUTH
ORD00600,CUST0187,2025-01-14 06:04:05.340386,PLACED,EAST
ORD00601,CUST0448,2026-04-09 21:57:50.694367,PLACED,EAST
ORD00602,CUST0470,2026-02-13 00:00:00.000000,RETURNED,NORTH
ORD00603,CUST0333,2024-08-05 09:36:48.233935,CANCELLED,NORTH
ORD00604,CUST0188,2025-07-23 11:08:03.836743,DELIVERED,EAST
ORD00605,CUST0313,2025-05-27 04:44:05.348211,PLACED,NORTH
ORD00606,CUST0271,2026-04-25 07:46:27.353096,RETURNED,WEST
ORD00607,CUST0336,2025-07-15 20:49:38.356718,DELIVERED,NORTH
ORD00608,UNKNOWN,2026-01-26 22:09:25.911563,SHIPPED,NORTH
ORD00609,CUST0120,2025-12-02 18:38:39.418766,DELIVERED,NORTH
ORD00610,CUST0253,2025-10-09 19:18:31.056175,SHIPPED,NORTH
ORD00611,CUST0285,2025-03-07 08:33:35.501384,CANCELLED,SOUTH
ORD00612,CUST0354,2024-08-10 21:56:29.303437,RETURNED,EAST
ORD00613,CUST0193,2025-08-03 10:34:54.748574,SHIPPED,SOUTH
ORD00614,CUST0246,2025-05-20 10:44:17.542750,RETURNED,EAST
ORD00615,CUST0015,2024-08-18 14:37:58.669409,RETURNED,NORTH
ORD00616,CUST0092,2026-01-11 06:25:58.855745,CANCELLED,SOUTH
ORD00617,CUST0309,2024-12-27 06:18:27.473068,DELIVERED,SOUTH
ORD00618,CUST0244,2025-11-06 15:21:27.153991,RETURNED,EAST
ORD00619,CUST0215,2025-03-22 00:42:20.741156,CANCELLED,NORTH
ORD00620,CUST0057,2025-04-03 03:59:23.562228,DELIVERED,WEST
ORD00621,CUST0246,2024-08-05 07:48:04.045101,RETURNED,EAST
ORD00622,CUST0274,2025-04-18 03:44:10.731026,RETURNED,NORTH
ORD00623,CUST0394,2026-01-07 17:44:29.560217,CANCELLED,SOUTH
ORD00624,UNKNOWN,2025-02-09 15:48:53.974918,PLACED,NORTH
ORD00625,CUST0129,2025-01-11 15:45:14.443795,SHIPPED,NORTH
ORD00626,CUST0081,2025-04-09 17:24:54.406574,CANCELLED,SOUTH
ORD00627,CUST0333,2025-09-27 20:15:02.071315,PLACED,WEST
ORD00628,CUST0052,2025-03-30 21:55:49.995411,CANCELLED,NORTH
ORD00629,CUST0362,2024-11-07 11:30:39.966815,CANCELLED,NORTH
ORD00630,CUST0459,2025-08-13 17:53:47.967373,DELIVERED,SOUTH
ORD00631,CUST0205,2025-05-06 04:38:04.052650,DELIVERED,WEST
ORD00632,CUST0175,2024-10-12 10:17:58.338506,PLACED,NORTH
ORD00633,CUST0289,2024-09-09 05:43:21.737314,CANCELLED,WEST
ORD00634,CUST0363,2024-10-26 09:54:56.859611,DELIVERED,WEST
ORD00635,CUST0136,2025-05-20 20:34:40.211724,SHIPPED,SOUTH
ORD00636,CUST0302,2025-11-09 00:39:05.946952,RETURNED,NORTH
ORD00637,CUST0067,2025-09-27 02:53:29.424997,PLACED,NORTH
ORD00638,CUST0021,2025-07-22 10:12:14.285671,DELIVERED,WEST
ORD00639,CUST0028,2026-01-29 15:53:59.634557,RETURNED,SOUTH
ORD00640,CUST0214,2025-09-19 05:53:26.496928,DELIVERED,WEST
ORD00641,CUST0438,2026-04-21 20:11:32.122710,CANCELLED,EAST
ORD00642,CUST0024,2026-02-01 02:28:41.077320,RETURNED,SOUTH
ORD00643,CUST0357,2026-02-07 13:22:09.162719,SHIPPED,SOUTH
ORD00644,CUST0432,2025-11-23 23:37:25.597253,CANCELLED,EAST
ORD00645,CUST0365,2024-11-19 01:03:58.573996,PLACED,SOUTH
ORD00646,CUST0486,2024-10-30 23:40:52.302394,DELIVERED,WEST
ORD00647,UNKNOWN,2025-07-09 21:14:01.826621,DELIVERED,EAST
ORD00648,CUST0404,2025-05-20 23:28:42.696028,CANCELLED,WEST
ORD00649,CUST0142,2024-10-04 21:51:09.189115,SHIPPED,NORTH
ORD00650,CUST0275,2025-11-06 18:17:23.307399,SHIPPED,SOUTH
ORD00651,UNKNOWN,2024-11-05 11:13:36.830394,PLACED,NORTH
ORD00652,CUST0128,2024-12-04 14:34:07.562657,CANCELLED,NORTH
ORD00653,CUST0410,2026-04-22 09:41:33.401830,CANCELLED,NORTH
ORD00654,CUST0031,2025-01-13 22:45:23.531601,SHIPPED,WEST
ORD00655,CUST0276,2026-06-22 06:45:01.438231,RETURNED,NORTH
ORD00656,CUST0290,2025-10-01 06:38:55.148005,CANCELLED,EAST
ORD00657,CUST0461,2025-12-04 08:16:17.285007,DELIVERED,WEST
ORD00658,CUST0087,2025-09-29 21:34:45.393224,CANCELLED,WEST
ORD00659,CUST0496,2024-11-17 07:46:09.489351,PLACED,NORTH
ORD00660,CUST0035,2024-10-20 22:13:59.071207,DELIVERED,SOUTH
ORD00661,CUST0206,2026-02-19 01:00:37.684305,RETURNED,SOUTH
ORD00662,CUST0262,2024-11-24 16:38:23.217926,PLACED,WEST
ORD00663,CUST0080,2024-08-28 09:42:23.022579,PLACED,NORTH
ORD00664,CUST0285,2024-12-13 03:25:49.085413,RETURNED,SOUTH
ORD00665,CUST0161,2025-03-09 21:43:39.773437,DELIVERED,NORTH
ORD00666,CUST0499,2026-04-02 04:37:35.283222,DELIVERED,EAST
ORD00667,CUST0411,2024-11-12 09:50:52.992749,SHIPPED,EAST
ORD00668,CUST0407,2025-11-28 00:19:46.226590,CANCELLED,EAST
ORD00669,CUST0334,2025-04-21 01:09:58.594815,CANCELLED,SOUTH
ORD00670,CUST0397,2026-02-08 20:27:19.157990,SHIPPED,NORTH
ORD00671,CUST0065,2025-05-14 13:17:42.833228,PLACED,SOUTH
ORD00672,CUST0301,2026-04-06 03:39:43.307435,DELIVERED,SOUTH
ORD00673,CUST0404,2025-05-14 07:32:56.865014,CANCELLED,NORTH
ORD00674,CUST0465,2026-03-28 07:48:57.218258,PLACED,WEST
ORD00675,CUST0004,2026-06-22 00:00:00.000000,PLACED,SOUTH
ORD00676,CUST0491,2025-10-14 04:37:31.321921,RETURNED,SOUTH
ORD00677,CUST0266,2024-12-30 21:57:55.552006,CANCELLED,EAST
ORD00678,CUST0487,2024-08-04 16:46:17.819991,SHIPPED,SOUTH
ORD00679,UNKNOWN,2025-11-20 19:02:09.452165,CANCELLED,WEST
ORD00680,CUST0312,2025-01-02 16:30:15.456381,CANCELLED,SOUTH
ORD00681,CUST0110,2026-03-04 04:43:43.022629,DELIVERED,EAST
ORD00682,CUST0236,2025-05-21 14:13:08.397341,CANCELLED,SOUTH
ORD00683,CUST0330,2025-03-22 02:16:05.863820,DELIVERED,SOUTH
ORD00684,CUST0282,2026-03-05 01:17:36.431215,RETURNED,EAST
ORD00685,CUST0432,2026-07-01 12:36:38.528030,RETURNED,WEST
ORD00686,CUST0491,2024-12-09 08:55:12.642229,CANCELLED,NORTH
ORD00687,CUST0076,2024-11-11 02:05:42.575194,PLACED,SOUTH
ORD00688,CUST0189,2026-02-07 15:20:04.661958,DELIVERED,NORTH
ORD00689,CUST0357,2025-03-16 19:04:25.782950,CANCELLED,NORTH
ORD00690,CUST0099,2024-07-12 16:03:12.128908,SHIPPED,WEST
ORD00691,CUST0099,2026-04-10 07:26:35.280258,DELIVERED,WEST
ORD00692,CUST0409,2024-11-04 12:49:14.722864,DELIVERED,SOUTH
ORD00693,CUST0240,2025-06-12 00:19:18.502349,PLACED,SOUTH
ORD00694,CUST0006,2025-12-16 09:58:55.525431,CANCELLED,WEST
ORD00695,CUST0169,2025-10-09 20:30:18.809581,CANCELLED,WEST
ORD00696,CUST0240,2024-12-21 04:07:54.742280,CANCELLED,NORTH
ORD00697,CUST0444,2025-03-14 19:57:32.784717,SHIPPED,WEST
ORD00698,CUST0374,2024-07-25 09:41:01.954087,SHIPPED,EAST
ORD00699,CUST0280,2025-08-12 21:14:39.606260,CANCELLED,WEST
ORD00700,CUST0102,2024-08-26 13:26:43.654000,PLACED,EAST
